Date, ISIN, Scrip Name, NSE Symbol, MWPL, Open Interest, Future Equivalent Open Interest, Limit for Next Day
09-MAR-2026,INE114A01011,STEEL AUTHORITY OF INDIA,SAIL,216861410,247553700,200944632.785455,No Fresh Positions
09-MAR-2026,INE148I01020,SAMMAAN CAPITAL LIMITED,SAMMAANCAP,122326971,144682100,110993760.166845,No Fresh Positions
09-MAR-2026,INE466L01038,360 ONE WAM LIMITED,360ONE,36943219,4745000,3259171.295995,31836886
09-MAR-2026,INE117A01022,ABB INDIA LIMITED,ABB,7946564,3781625,2110640.90554375,5438594
09-MAR-2026,INE674K01013,ADITYA BIRLA CAPITAL LTD.,ABCAPITAL,122657000,75230800,49007473.096853,67516676
09-MAR-2026,INE931S01010,ADANI ENERGY SOLUTION LTD,ADANIENSOL,43791427,25045875,20565438.2571065,21036417
09-MAR-2026,INE423A01024,ADANI ENTERPRISES LIMITED,ADANIENT,49117354,29750211,16950251.95178222,29711234
09-MAR-2026,INE364U01010,ADANI GREEN ENERGY LTD,ADANIGREEN,92816927,36313800,22248975.458106,65927105
09-MAR-2026,INE742F01042,ADANI PORT & SEZ LTD,ADANIPORTS,84394936,35157125,21472463.60032175,58702725
09-MAR-2026,INE540L01014,ALKEM LABORATORIES LTD.,ALKEM,7334235,1582375,1224936.59917625,5742586
09-MAR-2026,INE371P01015,AMBER ENTERPRISES (I) LTD,AMBER,3257355,2386600,1036883.755108,2057603
09-MAR-2026,INE079A01024,AMBUJA CEMENTS LTD,AMBUJACEM,79841849,79645650,54606080.2586715,21243676
09-MAR-2026,INE732I01021,ANGEL ONE LIMITED,ANGELONE,96733080,78580000,32554109.6032,59342316
09-MAR-2026,INE702C01027,APL APOLLO TUBES LTD,APLAPOLLO,23068453,7183050,5036108.295337,16878922
09-MAR-2026,INE437A01024,APOLLO HOSPITALS ENTER. L,APOLLOHOSP,15524629,4249125,2678182.317675,12070215
09-MAR-2026,INE208A01029,ASHOK LEYLAND LTD,ASHOKLEY,423719104,249930000,150356249.7012,252176899
09-MAR-2026,INE021A01026,ASIAN PAINTS LIMITED,ASIANPAINT,49389162,22677750,14041019.99476,32878683
09-MAR-2026,INE006I01046,ASTRAL LIMITED,ASTRAL,18450534,13211125,9326106.72767075,8201900
09-MAR-2026,INE949L01017,AU SMALL FINANCE BANK LTD,AUBANK,86371921,38688000,24653514.90168,57399810
09-MAR-2026,INE406A01037,AUROBINDO PHARMA LTD,AUROPHARMA,41977935,30089950,22844640.4674485,17034397
09-MAR-2026,INE238A01034,AXIS BANK LIMITED,AXISBANK,296371456,92601250,67087646.15945,214465237
09-MAR-2026,INE917I01010,BAJAJ AUTO LIMITED,BAJAJ-AUTO,15906526,5599650,3368575.87245975,11742623
09-MAR-2026,INE918I01026,BAJAJ FINSERV LTD.,BAJAJFINSV,65701623,25051500,13987986.170375,48428555
09-MAR-2026,INE118A01012,BAJAJ HOLDINGS & INVS LTD,BAJAJHLDNG,5401993,396550,220257.2864635,4911636
09-MAR-2026,INE296A01032,BAJAJ FINANCE LIMITED,BAJFINANCE,317526833,106911000,77707542.8505975,223942948
09-MAR-2026,INE545U01014,BANDHAN BANK LIMITED,BANDHANBNK,144289555,148514400,96763372.841592,40311704
09-MAR-2026,INE028A01039,BANK OF BARODA,BANKBARODA,279476623,174417750,90124143.62140525,175378648
09-MAR-2026,INE084A01016,BANK OF INDIA,BANKINDIA,181770921,100079200,56731687.139684,115950687
09-MAR-2026,INE171Z01026,BHARAT DYNAMICS LIMITED,BDL,13786716,12026350,4998580.3748385,8098799
09-MAR-2026,INE263A01024,BHARAT ELECTRONICS LTD,BEL,535778534,183019875,110594585.29252175,398395022
09-MAR-2026,INE465A01025,BHARAT FORGE LTD,BHARATFORG,40107751,12859500,6938584.28049,31163779
09-MAR-2026,INE397D01024,BHARTI AIRTEL LIMITED,BHARTIARTL,367085962,86178775,62451200.89647775,286280463
09-MAR-2026,INE257A01026,BHEL,BHEL,192361942,187259625,121342249.9090075,61401594
09-MAR-2026,INE376G01013,BIOCON LIMITED.,BIOCON,91057772,64230000,37274942.588775,49229940
09-MAR-2026,INE472A01039,BLUE STAR LIMITED,BLUESTARCO,17213286,4528550,2555311.48515075,13797310
09-MAR-2026,INE323A01026,BOSCH LIMITED,BOSCHLTD,882048,527000,213436.996742,624508
09-MAR-2026,INE029A01011,BHARAT PETROLEUM CORP  LT,BPCL,306020745,77840675,44577745.570184,246141962
09-MAR-2026,INE216A01030,BRITANNIA INDUSTRIES LTD,BRITANNIA,16370935,4240375,3226637.39336125,12325750
09-MAR-2026,INE118H01025,BSE LIMITED,BSE,61094861,20434125,8968472.801315,49071645
09-MAR-2026,INE596I01020,COMPUTER AGE MNGT SER LTD,CAMS,37122288,12813000,7258818.4624125,28007355
09-MAR-2026,INE476A01022,CANARA BANK,CANBK,504315430,351067500,184371896.57561,294727761
09-MAR-2026,INE736A01011,CENTRAL DEPO SER (I) LTD,CDSL,26647500,23251250,10339295.11562275,14975829
09-MAR-2026,INE067A01029,CG POWER AND IND SOL LTD,CGPOWER,103060454,22230050,15879722.732144,82027708
09-MAR-2026,INE121A01024,CHOLAMANDALAM IN & FIN CO,CHOLAFIN,63257923,22481875,16476861.776025,43618165
09-MAR-2026,INE059A01026,CIPLA LTD,CIPLA,59297360,22514625,14011269.42656875,42321222
09-MAR-2026,INE522F01014,COAL INDIA LTD,COALINDIA,278206904,100666800,48222263.674723,216074295
09-MAR-2026,INE591G01025,COFORGE LIMITED,COFORGE,50189409,42798000,27631298.32039375,20048640
09-MAR-2026,INE259A01022,COLGATE PALMOLIVE LTD.,COLPAL,19546143,9267750,5420474.984169,13148360
09-MAR-2026,INE111A01025,CONTAINER CORP OF IND LTD,CONCOR,51639257,47100000,28966507.3584125,20090786
09-MAR-2026,INE299U01018,CROMPT GREA CON ELEC LTD,CROMPTON,96587231,61518600,47298116.769934,44459752
09-MAR-2026,INE298A01020,CUMMINS INDIA LTD,CUMMINSIND,19131188,4968400,3446160.283212,14728468
09-MAR-2026,INE016A01026,DABUR INDIA LTD,DABUR,89873278,40891250,25949618.5658875,59429995
09-MAR-2026,INE00R701025,DALMIA BHARAT LIMITED,DALBHARAT,12425041,4230850,2234305.56902275,9569483
09-MAR-2026,INE148O01028,DELHIVERY LIMITED,DELHIVERY,112112283,34023775,23754593.70394575,82752075
09-MAR-2026,INE361B01024,DIVI S LABORATORIES LTD,DIVISLAB,14898112,3990900,2763701.412355,11389504
09-MAR-2026,INE935N01020,DIXON TECHNO (INDIA) LTD,DIXON,6452220,5772550,2514202.6558325,3615406
09-MAR-2026,INE271C01023,DLF LIMITED,DLF,96058266,75947025,56096798.947528,35158553
09-MAR-2026,INE192R01011,AVENUE SUPERMARTS LIMITED,DMART,18750186,7938900,5553706.2105665,12258970
09-MAR-2026,INE089A01031,DR. REDDY S LABORATORIES,DRREDDY,91531454,25069375,16307385.15866875,70647496
09-MAR-2026,INE066A01021,EICHER MOTORS LTD,EICHERMOT,19199175,6359200,3179522.261454,15059693
09-MAR-2026,INE758T01015,ETERNAL LIMITED,ETERNAL,1251309857,476039625,279205003.24738,909539360
09-MAR-2026,INE302A01020,EXIDE INDUSTRIES LTD,EXIDEIND,68856800,49096800,29147128.597182,36266831
09-MAR-2026,INE171A01029,FEDERAL BANK LTD,FEDERALBNK,320636733,144735000,76056315.75915,228548580
09-MAR-2026,INE061F01013,FORTIS HEALTHCARE LTD,FORTIS,77949604,17156950,11734221.9486125,62317901
09-MAR-2026,INE129A01019,GAIL (INDIA) LTD,GAIL,435694919,173360250,102193145.673587,311717027
09-MAR-2026,INE935A01035,GLENMARK PHARMACEUTICALS,GLENMARK,22585180,13757625,11460806.76504,9995114
09-MAR-2026,INE776C01039,GMR AIRPORTS LIMITED,GMRAIRPORT,534704421,240400350,150643838.837065,357325361
09-MAR-2026,INE102D01028,GODREJ CONSUMER PRODUCTS,GODREJCP,72031016,10907000,8170384.758085,60259080
09-MAR-2026,INE484J01027,GODREJ PROPERTIES LTD,GODREJPROP,17263909,12883750,8401431.17738725,7999282
09-MAR-2026,INE047A01021,GRASIM INDUSTRIES LTD,GRASIM,38505832,18668500,15768160.315405,20812380
09-MAR-2026,INE066F01020,HINDUSTAN AERONAUTICS LTD,HAL,28450886,20087400,10541907.6071425,16486434
09-MAR-2026,INE176B01034,HAVELLS INDIA LIMITED,HAVELLS,35667502,14570500,9777789.733885,24106337
09-MAR-2026,INE860A01027,HCL TECHNOLOGIES LTD,HCLTECH,106857976,36739850,27502819.760483,74012257
09-MAR-2026,INE127D01025,HDFC AMC LIMITED,HDFCAMC,30592324,7377600,5258499.204637,23804208
09-MAR-2026,INE040A01034,HDFC BANK LTD,HDFCBANK,1330694977,442945250,328848498.205373,935311729
09-MAR-2026,INE795G01014,HDFC LIFE INS CO LTD,HDFCLIFE,128849634,55431200,37201066.962798,85206085
09-MAR-2026,INE158A01026,HERO MOTOCORP LIMITED,HEROMOTOCO,19586951,6243750,3513153.814075,15094449
09-MAR-2026,INE038A01020,HINDALCO  INDUSTRIES  LTD,HINDALCO,212176873,64566600,38833413.048352,162734616
09-MAR-2026,INE094A01015,HINDUSTAN PETROLEUM CORP,HINDPETRO,143933168,76731300,46479651.48368725,90256858
09-MAR-2026,INE030A01027,HINDUSTAN UNILEVER LTD.,HINDUNILVR,91001773,24045600,16067459.654149,70384224
09-MAR-2026,INE267A01025,HINDUSTAN ZINC LIMITED,HINDZINC,161247058,80854900,36047046.329351,117137658
09-MAR-2026,INE031A01017,HSG & URBAN DEV CORPN LTD,HUDCO,75071250,74075850,39850315.39253075,31467372
09-MAR-2026,INE090A01021,ICICI BANK LTD.,ICICIBANK,580601807,180519500,129369807.338715,422201909
09-MAR-2026,INE765G01017,ICICI LOMBARD GIC LIMITED,ICICIGI,28747897,6213025,4727610.3089785,22582891
09-MAR-2026,INE726G01019,ICICI PRU LIFE INS CO LTD,ICICIPRULI,58746582,22542250,17914300.9417105,37894951
09-MAR-2026,INE669E01016,VODAFONE IDEA LIMITED,IDEA,12037179660,9917442150,7025420325.9229705,4409900351
09-MAR-2026,INE092T01019,IDFC FIRST BANK LIMITED,IDFCFIRSTB,936861183,1019545100,499305466.8261585,390712657
09-MAR-2026,INE022Q01020,INDIAN ENERGY EXC LTD,IEX,133395043,138832500,67976286.1386625,58749004
09-MAR-2026,INE053A01029,THE INDIAN HOTELS CO. LTD,INDHOTEL,132129624,36320000,22024123.98281,103499018
09-MAR-2026,INE562A01011,INDIAN BANK,INDIANB,52862157,16235000,7757140.20205,42461908
09-MAR-2026,INE646L01027,INTERGLOBE AVIATION LTD,INDIGO,33874835,20367900,9461971.4179725,22719121
09-MAR-2026,INE095A01012,INDUSIND BANK LIMITED,INDUSINDBK,93808799,50835400,37390703.295278,51727655
09-MAR-2026,INE121J01017,INDUS TOWERS LIMITED,INDUSTOWER,193623116,89598500,71954426.141218,111987534
09-MAR-2026,INE009A01021,INFOSYS LIMITED,INFY,368703409,138447200,81725728.04244,268542510
09-MAR-2026,INE066P01011,INOX WIND LIMITED,INOXWIND,144708707,161525650,99043064.9502885,38430206
09-MAR-2026,INE242A01010,INDIAN OIL CORP LTD,IOC,684903861,209049750,104359839.67778375,546298828
09-MAR-2026,INE202E01016,INDIAN RENEWABLE ENERGY,IREDA,119011160,116137350,59831298.1405175,53229303
09-MAR-2026,INE053F01010,INDIAN RAILWAY FIN CORP L,IRFC,200960551,206312000,71285995.3830925,119626528
09-MAR-2026,INE154A01025,ITC LTD,ITC,1252401670,338569600,176823731.98672,1012957854
09-MAR-2026,INE749A01030,JINDAL STEEL LIMITED,JINDALSTEL,48257090,16904375,10523001.19759375,35321234
09-MAR-2026,INE758E01017,JIO FIN SERVICES LTD,JIOFIN,355358091,260069800,170920240.707173,166669945
09-MAR-2026,INE121E01018,JSW ENERGY LIMITED,JSWENERGY,80385888,39284000,28892782.06706,47473811
09-MAR-2026,INE019A01038,JSW STEEL LIMITED,JSWSTEEL,133434355,62757450,53029116.96350875,73733520
09-MAR-2026,INE797F01020,JUBILANT FOODWORKS LTD,JUBLFOOD,58761693,40443750,26924586.7115,28899021
09-MAR-2026,INE303R01014,KALYAN JEWELLERS IND LTD,KALYANKJIL,57654984,38778525,25294145.44263025,29478089
09-MAR-2026,INE918Z01012,KAYNES TECHNOLOGY IND LTD,KAYNES,4679418,6626800,3826967.266719,618479
09-MAR-2026,INE878B01027,KEI INDUSTRIES LTD.,KEI,8553821,2640225,1505010.7446345,6621119
09-MAR-2026,INE138Y01010,KFIN TECHNOLOGIES LIMITED,KFINTECH,19924232,5537500,2404491.1356,16523529
09-MAR-2026,INE237A01036,KOTAK MAHINDRA BANK LTD,KOTAKBANK,781025350,269728000,218305944.97606,523668137
09-MAR-2026,INE04I401011,KPIT TECHNOLOGIES LIMITED,KPITTECH,24589408,16133000,7664987.276549,15694950
09-MAR-2026,INE947Q01028,LAURUS LABS LIMITED,LAURUSLABS,58629477,31042850,19801136.7183025,35896866
09-MAR-2026,INE115A01026,LIC HOUSING FINANCE LTD,LICHSGFIN,45183075,44916000,32068269.10414,10855652
09-MAR-2026,INE0J1Y01017,LIFE INSURA CORP OF INDIA,LICI,33206238,18526900,9792046.753881,21753879
09-MAR-2026,INE670K01029,LODHA DEVELOPERS LIMITED,LODHA,42126960,14787450,10050936.166929,29969675
09-MAR-2026,INE018A01030,LARSEN & TOUBRO LTD.,LT,136109374,30627275,15388072.0357365,113915833
09-MAR-2026,INE498L01015,L&T FINANCE LIMITED,LTF,127100972,120658500,57742394.836855,63003528
09-MAR-2026,INE214T01019,LTIMINDTREE LIMITED,LTM,9672091,5484000,3209737.8133845,5978748
09-MAR-2026,INE326A01037,LUPIN LIMITED,LUPIN,36381777,12121850,7036510.2282065,27526177
09-MAR-2026,INE101A01026,MAHINDRA & MAHINDRA LTD,M&M,95452027,26396200,18228727.458796,72450698
09-MAR-2026,INE522D01027,MANAPPURAM FINANCE LTD,MANAPPURAM,82205057,94074000,54358130.73731,23736673
09-MAR-2026,INE634S01028,MANKIND PHARMA LIMITED,MANKIND,16919681,4160700,2701038.8461185,13372658
09-MAR-2026,INE196A01026,MARICO LIMITED,MARICO,79442217,34568400,27122932.639768,48347173
09-MAR-2026,INE585B01010,MARUTI SUZUKI INDIA LTD.,MARUTI,17687048,5968900,3050864.9107365,13751830
09-MAR-2026,INE027H01010,MAX HEALTHCARE INS LTD,MAXHEALTH,111218809,18061050,13557301.47842275,92100567
09-MAR-2026,INE249Z01020,MAZAGON DOCK SHIPBUIL LTD,MAZDOCK,11364224,11697000,4151696.89833,6644315
09-MAR-2026,INE745G01043,MULTI COMMODITY EXCHANGE,MCX,38177110,25508125,12906462.64725625,23361791
09-MAR-2026,INE180A01020,MAX FINANCIAL SERV LTD,MFSL,33919851,10236400,8809542.236668,23414316
09-MAR-2026,INE775A01035,SAMVRDHNA MTHRSN INTL LTD,MOTHERSON,606151620,207058200,133353124.133164,442490914
09-MAR-2026,INE356A01018,MPHASIS LIMITED,MPHASIS,17093933,7341950,5527315.89079125,10711920
09-MAR-2026,INE414G01012,MUTHOOT FINANCE LIMITED,MUTHOOTFIN,14790848,9956100,4167672.78756,9883632
09-MAR-2026,INE139A01034,NATIONAL ALUMINIUM CO LTD,NATIONALUM,134225816,123438750,52592993.8856125,74921531
09-MAR-2026,INE663F01032,INFO EDGE (I) LTD,NAUKRI,45110207,15605250,11193345.45510875,31661351
09-MAR-2026,INE095N01031,NBCC (INDIA) LIMITED,NBCC,154894704,139028500,83789167.26452,63360801
09-MAR-2026,INE239A01024,NESTLE INDIA LIMITED,NESTLEIND,71801274,21567500,16707038.869565,51504171
09-MAR-2026,INE848E01016,NHPC LTD,NHPC,491233252,132537600,71873849.658944,394797739
09-MAR-2026,INE584A01023,NMDC LTD.,NMDC,517037525,470144250,341756285.3168925,149429363
09-MAR-2026,INE733E01010,NTPC LTD,NTPC,474131988,191989500,111054695.999905,339370692
09-MAR-2026,INE531F01023,NUVAMA WEALTH MANAGE LTD,NUVAMA,12267678,3577500,2021358.81155,9632935
09-MAR-2026,INE388Y01029,FSN E COMMERCE VENTURES,NYKAA,205483040,57496875,45174900.2065,150033987
09-MAR-2026,INE093I01010,OBEROI REALTY LIMITED,OBEROIRLTY,17614093,9532950,6766391.93527,9966996
09-MAR-2026,INE881D01027,ORACLE FIN SERV SOFT LTD.,OFSS,3582756,2234025,1472128.05837575,1931490
09-MAR-2026,INE274J01014,OIL INDIA LTD,OIL,102006452,54051200,25102481.206504,71803648
09-MAR-2026,INE213A01029,OIL AND NATURAL GAS CORP.,ONGC,517141211,246336750,132381191.1310625,358902959
09-MAR-2026,INE761H01022,PAGE INDUSTRIES LTD,PAGEIND,955549,365310,218056.7966445,689714
09-MAR-2026,INE619A01035,PATANJALI FOODS LIMITED,PATANJALI,50886533,42929100,37785109.489208,10557096
09-MAR-2026,INE982J01020,ONE 97 COMMUNICATIONS LTD,PAYTM,95799519,35497450,22399556.43257075,68609986
09-MAR-2026,INE262H01021,PERSISTENT SYSTEMS LTD,PERSISTENT,15732422,7058600,4018879.771266,10926921
09-MAR-2026,INE347G01014,PETRONET LNG LIMITED,PETRONET,108255733,67332200,35288969.911769,67553976
09-MAR-2026,INE134E01011,POWER FIN CORP LTD.,PFC,217835555,113396400,60732279.48472,146211497
09-MAR-2026,INE457L01029,PG ELECTROPLAST LTD,PGEL,24030912,25725050,13338174.021186,9491192
09-MAR-2026,INE211B01039,THE PHOENIX MILLS LTD,PHOENIXLTD,19533471,5886650,4102249.001657,14454548
09-MAR-2026,INE318A01026,PIDILITE INDUSTRIES LTD,PIDILITIND,31214205,10572000,8090072.574595,21563422
09-MAR-2026,INE603J01030,PI INDUSTRIES LTD,PIIND,10712372,4523400,3272405.93971275,6904347
09-MAR-2026,INE160A01022,PUNJAB NATIONAL BANK,PNB,515822637,470056000,260529226.1068,229502279
09-MAR-2026,INE572E01012,PNB HOUSING FIN LTD.,PNBHOUSING,28118603,18009550,13800793.3841065,12911879
09-MAR-2026,INE417T01026,PB FINTECH LIMITED,POLICYBZR,60642005,12621000,8829166.747306,48780738
09-MAR-2026,INE455K01017,POLYCAB INDIA LIMITED,POLYCAB,8688405,4458750,2258612.867075,5995371
09-MAR-2026,INE752E01010,POWER GRID CORP. LTD.,POWERGRID,678857930,136912100,86898248.342976,558016785
09-MAR-2026,INE07Y701011,HITACHI ENERGY INDIA LTD,POWERINDIA,1917916,614400,292099.3508535,1529920
09-MAR-2026,INE0DK501011,PIRAMAL PHARMA LIMITED,PPLPHARMA,107697729,27628125,16066637.33791375,86246205
09-MAR-2026,INE0BS701011,PREMIER ENERGIES LIMITED,PREMIERENE,23923093,13885100,7738085.89339175,14988852
09-MAR-2026,INE811K01011,PRESTIGE ESTATE LTD,PRESTIGE,22697169,7417350,5109735.0151525,16452575
09-MAR-2026,INE976G01028,RBL BANK LIMITED,RBLBANK,91953095,118243350,69343818.85966775,18011621
09-MAR-2026,INE020B01018,REC LIMITED,RECLTD,187084550,137345600,79134444.630468,98595877
09-MAR-2026,INE002A01018,RELIANCE INDUSTRIES LTD,RELIANCE,664266681,186341500,113954099.4966,517099247
09-MAR-2026,INE415G01027,RAIL VIKAS NIGAM LIMITED,RVNL,84941460,115427250,57305986.407791,23388400
09-MAR-2026,INE018E01016,SBI CARDS & PAY SER LTD,SBICARD,44836888,36741600,22511176.548368,20083867
09-MAR-2026,INE123W01016,SBI LIFE INSURANCE CO LTD,SBILIFE,44756800,13837500,9355193.17609625,33163766
09-MAR-2026,INE062A01020,STATE BANK OF INDIA,SBIN,436949195,152137500,73963715.66405,341138019
09-MAR-2026,INE070A01015,SHREE CEMENT LIMITED,SHREECEM,1568093,534325,372620.4525655,1117067
09-MAR-2026,INE721A01047,SHRIRAM FINANCE LIMITED,SHRIRAMFIN,210513975,55553850,37892772.10233675,162095504
09-MAR-2026,INE003A01024,SIEMENS LTD,SIEMENS,13354588,4809700,2499772.4555815,10187086
09-MAR-2026,INE343H01029,SOLAR INDUSTRIES (I) LTD,SOLARINDS,3644817,1425250,776441.893739,2686134
09-MAR-2026,INE073K01018,SONA BLW PRECISION FRGS L,SONACOMS,67126548,18604075,12202276.35212875,51567944
09-MAR-2026,INE647A01010,SRF LTD,SRF,18529108,6140000,3391000.296082,14211652
09-MAR-2026,INE044A01036,SUN PHARMACEUTICAL IND L,SUNPHARMA,109220043,36259300,23158537.2202445,80600503
09-MAR-2026,INE195A01028,SUPREME INDUSTRIES LTD,SUPREMEIND,9736357,2351650,1538090.0888855,7711449
09-MAR-2026,INE040H01021,SUZLON ENERGY LIMITED,SUZLON,1814982173,596868375,325965153.03183525,1398267911
09-MAR-2026,INE00H001014,SWIGGY LIMITED,SWIGGY,375529891,61743500,50035219.464825,306718176
09-MAR-2026,INE398R01022,SYNGENE INTERNATIONAL LTD,SYNGENE,24733183,16771000,9031919.01599,14464604
09-MAR-2026,INE192A01025,TATA CONSUMER PRODUCT LTD,TATACONSUM,65472326,17298600,13137477.263684,49061232
09-MAR-2026,INE670A01012,TATA ELXSI LIMITED,TATAELXSI,5241546,4409300,1651656.131461,3327812
09-MAR-2026,INE245A01021,TATA POWER CO LTD,TATAPOWER,202215001,101614550,51061355.731729,141042895
09-MAR-2026,INE081A01020,TATA STEEL LIMITED,TATASTEEL,872935214,442321000,222469065.396515,606819387
09-MAR-2026,INE142M01025,TATA TECHNOLOGIES LIMITED,TATATECH,25116370,17984000,10501468.054848,13359083
09-MAR-2026,INE467B01029,TATA CONSULTANCY SERV LT,TCS,126444612,54642700,28043761.170461,92078620
09-MAR-2026,INE669C01036,TECH MAHINDRA LIMITED,TECHM,80031540,33908400,20390283.849976,55639679
09-MAR-2026,INE974X01010,TUBE INVEST OF INDIA LTD,TIINDIA,15879795,4139600,3075445.3997,12010359
09-MAR-2026,INE280A01028,TITAN COMPANY LIMITED,TITAN,45680146,13644050,9899564.841259,33496573
09-MAR-2026,INE155A01022,TATA MOTORS PASS VEH LTD,TMPV,317235726,147872000,75142499.924216,226231439
09-MAR-2026,INE685A01028,TORRENT PHARMACEUTICALS L,TORNTPHARM,10726004,4283500,3012194.5111975,7177509
09-MAR-2026,INE813H01021,TORRENT POWER LTD,TORNTPOWER,24646022,6161650,3607634.3294545,19806086
09-MAR-2026,INE849A01020,TRENT LTD,TRENT,33590487,10268400,6447950.415803,25463012
09-MAR-2026,INE494B01023,TVS MOTOR COMPANY  LTD,TVSMOTOR,31634588,11314450,8169372.8452455,21883485
09-MAR-2026,INE481G01011,ULTRATECH CEMENT LIMITED,ULTRACEMCO,11955674,3354700,2141428.81869,9216461
09-MAR-2026,INE692A01016,UNION BANK OF INDIA,UNIONBANK,289041713,140011425,77628350.02341175,196961277
09-MAR-2026,INE854D01024,UNITED SPIRITS LIMITED,UNITDSPR,37091426,15723200,10201732.522304,25035122
09-MAR-2026,INE405E01023,UNO MINDA LIMITED,UNOMINDA,27292222,9355500,6480118.7919475,19447492
09-MAR-2026,INE628A01036,UPL LIMITED,UPL,84228583,61370660,31100263.00548795,48916890
09-MAR-2026,INE200M01039,VARUN BEVERAGES LIMITED,VBL,205761118,57227625,41114870.95414875,154358191
09-MAR-2026,INE205A01025,VEDANTA LIMITED,VEDL,255091106,127779950,67060524.7122305,175276025
09-MAR-2026,INE226A01021,VOLTAS LTD,VOLTAS,34594689,19155375,10210710.57841375,22654243
09-MAR-2026,INE377N01017,WAAREE ENERGIES LIMITED,WAAREEENER,15436318,8852725,3835924.268597,10828577
09-MAR-2026,INE075A01022,WIPRO LTD,WIPRO,358423198,296205000,158684986.37831,181817051
09-MAR-2026,INE528G01035,YES BANK LIMITED,YESBANK,3547322779,1713765500,1117207971.106076,2252748668
09-MAR-2026,INE010B01027,ZYDUS LIFESCIENCES LTD,ZYDUSLIFE,37741451,16648200,9377499.786219,26476878
