underlying_symbol,isin
360ONE,INE466L01038
ABB,INE117A01022
ABCAPITAL,INE674K01013
ADANIENSOL,INE931S01010
ADANIENT,INE423A01024
ADANIGREEN,INE364U01010
ADANIPORTS,INE742F01042
ADANIPOWER,INE814H01029
ALKEM,INE540L01014
AMBER,INE371P01015
AMBUJACEM,INE079A01024
ANGELONE,INE732I01021
APLAPOLLO,INE702C01027
APOLLOHOSP,INE437A01024
ASHOKLEY,INE208A01029
ASIANPAINT,INE021A01026
ASTRAL,INE006I01046
ATHERENERG,INE0LEZ01016
AUBANK,INE949L01017
AUROPHARMA,INE406A01037
AXISBANK,INE238A01034
BAJAJ-AUTO,INE917I01010
BAJAJFINSV,INE918I01026
BAJAJHLDNG,INE118A01012
BAJFINANCE,INE296A01032
BANDHANBNK,INE545U01014
BANKBARODA,INE028A01039
BANKINDIA,INE084A01016
BDL,INE171Z01026
BEL,INE263A01024
BHARATFORG,INE465A01025
BHARTIARTL,INE397D01024
BHEL,INE257A01026
BIOCON,INE376G01013
BLUESTARCO,INE472A01039
BOSCHLTD,INE323A01026
BPCL,INE029A01011
BRITANNIA,INE216A01030
BSE,INE118H01025
CAMS,INE596I01020
CANBK,INE476A01022
CDSL,INE736A01011
CGPOWER,INE067A01029
CHOLAFIN,INE121A01024
CIPLA,INE059A01026
COALINDIA,INE522F01014
COCHINSHIP,INE704P01025
COFORGE,INE591G01025
COLPAL,INE259A01022
CONCOR,INE111A01025
CROMPTON,INE299U01018
CUMMINSIND,INE298A01020
DABUR,INE016A01026
DELHIVERY,INE148O01028
DIVISLAB,INE361B01024
DIXON,INE935N01020
DLF,INE271C01023
DMART,INE192R01011
DRREDDY,INE089A01031
EICHERMOT,INE066A01021
ETERNAL,INE758T01015
FEDERALBNK,INE171A01029
FORCEMOT,INE451A01017
FORTIS,INE061F01013
GAIL,INE129A01019
GLENMARK,INE935A01035
GMRAIRPORT,INE776C01039
GODFRYPHLP,INE260B01028
GODREJCP,INE102D01028
GODREJPROP,INE484J01027
GRASIM,INE047A01021
GVT&D,INE200A01026
HAL,INE066F01020
HAVELLS,INE176B01034
HCLTECH,INE860A01027
HDFCAMC,INE127D01025
HDFCBANK,INE040A01034
HDFCLIFE,INE795G01014
HEROMOTOCO,INE158A01026
HINDALCO,INE038A01020
HINDPETRO,INE094A01015
HINDUNILVR,INE030A01027
HINDZINC,INE267A01025
HYUNDAI,INE0V6F01027
ICICIBANK,INE090A01021
ICICIGI,INE765G01017
ICICIPRULI,INE726G01019
IDEA,INE669E01016
IDFCFIRSTB,INE092T01019
IEX,INE022Q01020
INDHOTEL,INE053A01029
INDIANB,INE562A01011
INDIGO,INE646L01027
INDUSINDBK,INE095A01012
INDUSTOWER,INE121J01017
INFY,INE009A01021
INOXWIND,INE066P01011
IOC,INE242A01010
IREDA,INE202E01016
IRFC,INE053F01010
ITC,INE154A01025
JINDALSTEL,INE749A01030
JIOFIN,INE758E01017
JSWENERGY,INE121E01018
JSWSTEEL,INE019A01038
JUBLFOOD,INE797F01020
KALYANKJIL,INE303R01014
KAYNES,INE918Z01012
KEI,INE878B01027
KFINTECH,INE138Y01010
KOTAKBANK,INE237A01036
KPITTECH,INE04I401011
LAURUSLABS,INE947Q01028
LICHSGFIN,INE115A01026
LICI,INE0J1Y01017
LODHA,INE670K01029
LT,INE018A01030
LTF,INE498L01015
LTM,INE214T01019
LUPIN,INE326A01037
M&M,INE101A01026
MAHABANK,INE457A01014
MANAPPURAM,INE522D01027
MANKIND,INE634S01028
MARICO,INE196A01026
MARUTI,INE585B01010
MAXHEALTH,INE027H01010
MAZDOCK,INE249Z01020
MCX,INE745G01043
MFSL,INE180A01020
MOTHERSON,INE775A01035
MOTILALOFS,INE338I01027
MPHASIS,INE356A01018
MUTHOOTFIN,INE414G01012
NAM-INDIA,INE298J01013
NATIONALUM,INE139A01034
NAUKRI,INE663F01032
NBCC,INE095N01031
NESTLEIND,INE239A01024
NHPC,INE848E01016
NIFTYFPI,
NMDC,INE584A01023
NTPC,INE733E01010
NYKAA,INE388Y01029
OBEROIRLTY,INE093I01010
OFSS,INE881D01027
OIL,INE274J01014
ONGC,INE213A01029
PAGEIND,INE761H01022
PATANJALI,INE619A01035
PAYTM,INE982J01020
PERSISTENT,INE262H01021
PETRONET,INE347G01014
PFC,INE134E01011
PGEL,INE457L01029
PHOENIXLTD,INE211B01039
PIDILITIND,INE318A01026
PIIND,INE603J01030
PNB,INE160A01022
PNBHOUSING,INE572E01012
POLICYBZR,INE417T01026
POLYCAB,INE455K01017
POWERGRID,INE752E01010
POWERINDIA,INE07Y701011
PREMIERENE,INE0BS701011
PRESTIGE,INE811K01011
RADICO,INE944F01028
RBLBANK,INE976G01028
RECLTD,INE020B01018
RELIANCE,INE002A01018
RVNL,INE415G01027
SAGILITY,INE0W2G01015
SAIL,INE114A01011
SBICARD,INE018E01016
SBILIFE,INE123W01016
SBIN,INE062A01020
SHREECEM,INE070A01015
SHRIRAMFIN,INE721A01047
SIEMENS,INE003A01024
SOLARINDS,INE343H01029
SONACOMS,INE073K01018
SRF,INE647A01010
SUNPHARMA,INE044A01036
SUPREMEIND,INE195A01028
SUZLON,INE040H01021
SWIGGY,INE00H001014
TATACONSUM,INE192A01025
TATAELXSI,INE670A01012
TATAPOWER,INE245A01021
TATASTEEL,INE081A01020
TCS,INE467B01029
TECHM,INE669C01036
TIINDIA,INE974X01010
TITAN,INE280A01028
TMPV,INE155A01022
TORNTPHARM,INE685A01028
TRENT,INE849A01020
TVSMOTOR,INE494B01023
ULTRACEMCO,INE481G01011
UNIONBANK,INE692A01016
UNITDSPR,INE854D01024
UNOMINDA,INE405E01023
UPL,INE628A01036
VBL,INE200M01039
VEDL,INE205A01025
VMM,INE01EA01019
VOLTAS,INE226A01021
WAAREEENER,INE377N01017
WIPRO,INE075A01022
YESBANK,INE528G01035
ZYDUSLIFE,INE010B01027
