Symbol,Lot_Size,Near_Price,Next_Price,Margin,Charges_f,Charges_r,Charges,Cost_of_Carry
360ONE,500,1044.5,1048.5,18531.25,295.18,294.22,589.4,164.5
ADANIGREEN,600,1279.8,1283.4,27217.80000000001,433.59,432.54999999999995,866.14,241.6
ABCAPITAL,3100,384.95,386.8,42881.26666666666,675.0699999999999,672.3100000000001,1347.38,380.64
ADANIENT,309,2933.6,2955.9,32242.759499999993,514.12,510.81,1024.93,286.21
ADANIPORTS,475,1793.4,1803.0,30145.875,482.14,479.95,962.09,267.6
ADANIENSOL,675,1333.6,1339.0,76930.87500000006,508.86,507.12,1015.98,682.89
AMBER,100,6750.0,6757.5,23388.75,380.55,380.19,760.74,207.62
ADANIPOWER,3550,203.5,204.0,26873.499999999993,407.79,406.93,814.72,238.55
ABB,125,6940.0,6946.5,29400.312499999993,489.0,488.61,977.61,260.98
ALKEM,125,5234.0,5254.5,22850.3125,369.79999999999995,368.57,738.37,202.84
ANANDRATHI,250,2099.5,2096.3,18214.208333333332,295.2,295.58,590.78,161.68
ANGELONE,2500,277.45,277.8,26327.499999999993,391.09,390.66999999999996,781.76,233.7
APOLLOHOSP,125,8292.5,8329.0,37117.708333333336,586.15,583.9599999999999,1170.11,329.48
AMBUJACEM,1200,373.5,374.6,38844.399999999994,253.11,252.48,505.59,344.81
ASTRAL,425,1384.8,1388.0,20499.16666666667,332.17,331.52000000000004,663.69,181.97
ATHERENERG,375,1434.1,1428.5,18834.6875,301.77,302.77,604.54,167.19
ASHOKLEY,5000,156.17,155.89,29743.583333333336,439.04,439.71000000000004,878.75,264.03
AUBANK,1000,1011.0,1017.8,35624.333333333336,572.93,569.6700000000001,1142.6,316.23
APLAPOLLO,350,2231.8,2245.5,26875.625000000007,442.41,440.12,882.53,238.57
ASIANPAINT,250,2421.9,2434.3,21002.541666666664,342.62,341.13,683.75,186.43
AXISBANK,625,1220.1,1227.5,26956.77083333333,431.87,429.65000000000003,861.52,239.29
BAJAJFINSV,300,1743.5,1751.5,18178.25,295.83,294.68,590.51,161.36
AUROPHARMA,550,1689.2,1695.4,32405.81666666666,525.01,523.37,1048.38,287.66
BANDHANBNK,3600,182.27,183.0,59310.0,370.92,369.67,740.59,526.48
BAJFINANCE,750,972.7,976.9,25595.374999999993,412.5,410.98,823.48,227.2
BAJAJ-AUTO,75,10939.0,10970.0,28289.499999999993,463.27,462.15000000000003,925.42,251.12
BANKBARODA,2925,234.36,235.38,26050.3425,387.62,386.19,773.81,231.24
BDL,425,1106.9,1094.4,16523.15,262.17,264.71999999999997,526.89,146.67
BANKINDIA,5200,132.02,132.74,58685.293333333335,388.57,386.77,775.34,520.93
BEL,1425,388.9,391.0,19695.875,313.68,312.24,625.92,174.83
BHEL,2625,418.05,419.25,40113.28125,619.68,618.16,1237.84,356.07
BHARATFORG,500,1947.0,1957.0,34165.833333333336,550.88,548.48,1099.36,303.28
BLUESTARCO,325,1481.9,1455.1,17314.75416666668,266.69,270.88,537.57,153.7
BIOCON,2500,378.8,381.55,34278.541666666664,536.9300000000001,533.63,1070.56,304.28
BHARTIARTL,475,1774.0,1783.8,29445.725,477.0,474.78,951.78,261.38
BOSCHLTD,25,47465.0,47585.0,40218.95833333333,669.86,668.4200000000001,1338.28,357.01
BSE,200,3110.4,3125.0,22377.66666666667,351.87,350.47,702.34,198.64
BRITANNIA,125,4800.0,4834.0,21078.333333333336,340.14,338.09999999999997,678.24,187.11
BPCL,1975,305.8,307.35,21321.606249999997,341.74,340.27,682.01,189.27
CAMS,825,675.25,677.5,19349.6875,314.70000000000005,313.81,628.51,171.76
CDSL,475,1278.3,1284.9,21417.987500000003,343.59,342.09999999999997,685.69,190.12
CIPLA,425,1379.5,1389.5,20455.604166666664,332.41999999999996,330.37,662.79,181.58
CGPOWER,850,871.0,875.0,26314.58333333333,418.74,417.11,835.85,233.59
COALINDIA,1350,430.9,434.15,20729.362500000003,329.90999999999997,327.81,657.72,184.01
COCHINSHIP,400,1317.3,1312.2,19091.6,295.7,296.67999999999995,592.38,169.47
COFORGE,475,1827.0,1833.0,29476.124999999993,490.24,488.85999999999996,979.1,261.65
CHOLAFIN,625,1630.0,1639.0,35919.79166666669,576.7,574.0,1150.7,318.85
CONCOR,1250,454.1,454.9,19546.458333333336,320.2,319.71999999999997,639.92,173.51
CANBK,6750,121.38,122.18,71714.92499999999,464.25,461.65000000000003,925.9,636.59
COLPAL,275,1810.5,1803.1,17112.195833333335,279.34,280.31,559.65,151.9
DABUR,1250,383.8,383.1,17149.375,269.74,270.16,539.9,152.23
CUMMINSIND,200,4852.5,4870.0,33657.333333333336,548.4,546.72,1095.12,298.77
DLF,950,659.0,662.0,22071.66666666667,354.07,352.71000000000004,706.78,195.92
DIVISLAB,100,9419.0,9459.0,32763.5,532.56,530.64,1063.2,290.83
CROMPTON,2150,214.16,215.9,39697.24166666667,261.27000000000004,259.46999999999997,520.74,352.38
DELHIVERY,2075,411.7,413.0,31432.79166666667,482.52,481.21999999999997,963.74,279.02
EICHERMOT,100,7260.0,7300.0,25095.666666666657,410.96,409.04,820.0,222.77
DMART,150,3886.9,3887.6,19778.300000000003,328.41,328.36,656.77,175.57
DRREDDY,625,1230.5,1230.4,26996.666666666657,433.08000000000004,433.11,866.19,239.64
DIXON,50,13342.0,13150.0,23157.333333333336,370.7,375.31,746.01,205.56
ENRIN,175,3304.6,0.0,19674.637500000004,24.05,301.63,325.68,174.65
FORCEMOT,25,17256.0,17260.0,14995.666666666664,243.01,242.95999999999998,485.97,133.11
FORTIS,775,790.0,795.0,22339.375,346.84000000000003,344.98,691.82,198.3
GAIL,3550,173.1,173.78,21787.888333333336,347.34999999999997,346.19,693.54,193.4
FEDERALBNK,2500,324.2,326.0,30058.33333333333,458.79999999999995,456.64,915.44,266.82
GMRAIRPORT,6975,95.3,95.6,29192.700000000004,375.45,374.45,749.9,259.14
GODFRYPHLP,275,1935.8,1935.0,18401.625,299.69,299.79,599.48,163.35
GLENMARK,375,2393.3,2387.7,76500.5625,504.35999999999996,505.37,1009.73,679.07
GODREJCP,500,856.0,857.0,15289.166666666664,241.3,241.06,482.36,135.72
ETERNAL,2425,324.0,325.6,29290.766666666663,444.52,442.65999999999997,887.18,260.01
GODREJPROP,325,1648.5,1660.6,18805.691666666666,303.78999999999996,301.89,605.68,166.93
GVT&D,125,4211.2,4235.0,18379.791666666668,298.01,296.58,594.59,163.15
GRASIM,250,3114.8,3133.0,27152.916666666657,440.93,438.75,879.68,241.03
HEROMOTOCO,150,5347.0,5363.0,27449.624999999993,452.96000000000004,451.81,904.77,243.66
HINDALCO,700,953.6,956.7,23696.050000000003,377.09,376.04,753.13,210.34
HINDPETRO,2025,356.6,358.0,25265.25,408.16999999999996,406.81,814.98,224.27
HINDUNILVR,300,1889.0,1881.9,19548.85,318.05,319.07,637.12,173.53
HINDZINC,1225,571.8,575.15,24806.35208333334,396.63,394.66,791.29,220.2
HYUNDAI,275,2077.8,2066.0,19954.91666666665,320.12,321.67,641.79,177.13
ICICIGI,325,1543.1,1548.0,17247.75,283.28000000000003,282.51,565.79,153.1
ICICIBANK,700,1327.0,1333.6,31793.066666666666,525.5500000000001,523.33,1048.88,282.22
ICICIPRULI,925,445.9,445.7,14337.345833333326,232.2,232.29,464.49,127.27
IDEA,71475,13.42,13.52,132495.58999999997,543.92,540.5,1084.42,1176.13
IDFCFIRSTB,9275,81.28,81.64,27940.628333333334,426.32,424.71000000000004,851.03,248.02
IEX,4350,108.85,109.4,42831.54999999999,267.93,266.78,534.71,380.2
INDHOTEL,1000,726.0,726.05,24940.58333333333,408.90999999999997,408.88,817.79,221.39
HDFCAMC,300,2297.5,2298.4,23569.4,388.32,388.19,776.51,209.22
HAVELLS,500,1050.7,1049.0,18464.166666666668,295.43,295.84,591.27,163.9
INFY,400,1028.2,1031.5,14313.666666666668,232.33,231.69,464.02,127.06
INOXWIND,6400,72.2,72.78,42035.84,262.16999999999996,260.39,522.56,373.14
IOC,4875,134.76,136.12,22805.575000000004,373.44,370.26000000000005,743.7,202.44
IREDA,4525,109.5,107.0,19676.208333333332,273.15,278.57,551.72,174.66
IRFC,5425,77.67,76.77,16034.401250000003,234.76,237.1,471.86,142.33
ITC,1725,266.4,267.65,16046.956250000003,259.93,258.89,518.82,142.44
INDIANB,1000,812.55,813.9,28125.499999999993,458.32,457.68,916.0,249.66
JIOFIN,2350,219.56,220.78,18179.051666666666,292.08,290.7,582.78,161.37
JINDALSTEL,625,1137.9,1147.9,25126.354166666657,403.78,400.78,804.56,223.04
INDIGO,150,4983.0,5006.0,25701.499999999993,422.75,421.1,843.85,228.14
INDUSTOWER,1700,374.1,372.55,54797.658333333326,356.81,358.08000000000004,714.89,486.42
INDUSINDBK,700,900.0,902.1,21871.15000000003,355.59,354.88,710.47,194.14
HAL,150,4696.1,4725.0,24080.25,398.98,396.90000000000003,795.88,213.75
HCLTECH,400,1245.7,1250.0,17385.333333333332,281.53000000000003,280.7,562.23,154.32
HDFCLIFE,1100,520.8,523.4,20301.966666666667,324.14,322.76,646.9,180.21
HDFCBANK,650,719.6,723.55,16853.904166666667,264.76,263.54,528.3,149.61
JSWSTEEL,675,1273.7,1279.3,30236.624999999985,486.15,484.34000000000003,970.49,268.4
JSWENERGY,1075,497.1,499.0,19599.041666666664,302.03000000000003,301.05,603.08,173.98
KAYNES,150,3561.3,3520.0,45136.0,297.62,300.59999999999997,598.22,400.66
JUBLFOOD,1250,457.8,455.55,20856.666666666664,320.82,322.17,642.99,185.14
KALYANKJIL,1350,560.95,564.5,27358.87499999997,429.0,426.69,855.69,242.86
KEI,175,4534.0,4511.0,27455.45833333333,444.76,446.70000000000005,891.46,243.71
KFINTECH,575,835.0,823.65,16921.81875,267.0,270.13,537.13,150.21
KOTAKBANK,2000,414.1,416.3,30252.499999999993,468.72999999999996,466.62,935.35,268.54
KPITTECH,775,518.0,518.95,14402.922916666666,226.47,226.12,452.59,127.85
LAURUSLABS,850,1994.0,2002.5,59425.624999999985,958.32,954.8499999999999,1913.17,527.5
LICHSGFIN,1000,554.6,562.6,26507.333333333336,316.52,312.67999999999995,629.2,235.3
LT,175,3795.6,3811.9,22930.3375,375.58,374.22,749.8,203.55
LTF,2250,270.9,270.35,23386.687499999985,342.62,343.22,685.84,207.6
LICI,1400,397.7,400.0,22778.0,315.26000000000005,313.71000000000004,628.97,202.19
LODHA,625,1107.0,1109.0,24405.208333333336,390.29999999999995,389.7,780.0,216.64
LTM,150,4083.0,3984.0,20804.45000000002,337.19,344.32,681.51,184.68
LUPIN,425,2057.1,2070.0,30396.0,495.25,492.61,987.86,269.82
M&M,200,2990.7,3008.3,20625.36666666667,338.7,337.01,675.71,183.09
MAHABANK,6500,80.39,80.88,19588.4,295.94,294.41,590.35,173.88
MANAPPURAM,3000,317.0,317.9,83651.5,536.99,535.6899999999999,1072.68,742.55
MARUTI,50,12093.0,12166.0,20792.833333333336,342.42999999999995,340.69,683.12,184.57
MARICO,1200,802.85,807.9,33534.6,545.74,542.83,1088.57,297.68
MAXHEALTH,525,937.0,942.3,17694.3375,278.48999999999995,277.15,555.64,157.07
MCX,225,3291.6,3307.0,25819.125000000007,418.91,417.25,836.16,229.19
MANKIND,250,2478.4,2500.0,21984.166666666664,351.77,349.18,700.95,195.15
MAZDOCK,225,2122.0,2126.5,16627.3125,269.43,268.95,538.38,147.6
MOTILALOFS,775,1009.2,1015.0,27800.54166666667,442.83000000000004,440.67999999999995,883.51,246.78
MOTHERSON,6150,163.78,164.5,37202.375,569.5699999999999,567.44,1137.01,330.23
MFSL,400,1392.0,1396.6,19733.466666666667,314.54,313.65000000000003,628.19,175.17
MPHASIS,275,2257.0,2195.1,20968.612500000003,340.68,348.85,689.53,186.13
MUTHOOTFIN,275,2769.1,2780.0,26642.91666666667,430.44,429.0,859.44,236.5
NATIONALUM,1875,346.25,346.55,23255.78125,365.92,365.65999999999997,731.58,206.43
NAUKRI,550,1248.9,1247.0,23951.583333333336,386.31,386.80999999999995,773.12,212.61
NAM-INDIA,625,1079.8,1071.7,23458.229166666664,377.45,379.88,757.33,208.23
NBCC,6500,79.7,80.0,45586.66666666666,292.78000000000003,291.85,584.63,404.66
NESTLEIND,500,1344.5,1350.0,23825.0,380.03,378.71,758.74,211.49
NHPC,6950,73.92,73.8,20231.45,288.90000000000003,289.29999999999995,578.2,179.59
NIFTYFPI,1100,1489.95,1425.2,40855.466666666696,885.88,920.0600000000001,1805.94,362.66
NMDC,6750,76.71,76.98,45880.42499999999,292.58,291.7,584.28,407.27
NTPC,1500,322.75,322.3,17970.25,272.3,272.62,544.92,159.52
NYKAA,3125,329.9,332.35,37835.677083333336,584.62,580.94,1165.56,335.86
OBEROIRLTY,350,1775.6,1783.6,21741.533333333333,351.46000000000004,350.12,701.58,192.99
OIL,1400,459.25,462.0,23478.0,364.12,362.28000000000003,726.4,208.41
OFSS,100,10786.0,10697.0,36679.833333333336,602.8100000000001,607.08,1209.89,325.6
ONGC,2250,230.19,231.77,19921.462499999998,293.55,291.84,585.39,176.84
PAGEIND,20,37345.0,37230.0,25534.80000000001,419.45,420.54999999999995,840.0,226.67
PATANJALI,1075,372.0,373.4,19567.866666666654,226.01,225.29,451.3,173.7
PAYTM,725,1702.2,1707.4,43324.308333333334,696.98,695.1800000000001,1392.16,384.58
PERSISTENT,125,5392.0,5389.0,22932.708333333336,379.39,379.57,758.96,203.57
PETRONET,1900,286.1,287.0,20041.833333333332,307.04,306.23,613.27,177.91
PFC,1300,329.45,330.4,15749.066666666662,241.85,241.25,483.1,139.8
PGEL,950,501.75,504.4,17560.43333333332,269.76,268.55,538.31,155.88
PHOENIXLTD,350,1952.3,1960.0,23917.83333333335,386.23,384.92999999999995,771.16,212.31
PIDILITIND,500,1498.0,1509.7,25791.58333333333,424.89000000000004,422.08,846.97,228.94
PIIND,175,2301.0,2288.0,14063.466666666656,225.6,226.7,452.3,124.84
PNB,8000,114.15,114.7,81225.33333333331,516.59,514.48,1031.07,721.01
PNBHOUSING,650,1105.8,1111.2,25300.6,406.64,404.96000000000004,811.6,224.59
POLICYBZR,350,1063.0,1067.4,13932.916666666664,210.35,209.60999999999999,419.96,123.68
POLYCAB,125,8176.5,8191.5,35509.6875,576.59,575.69,1152.28,315.21
PREMIERENE,650,881.3,880.5,20184.125,322.34,322.59000000000003,644.93,179.17
POWERINDIA,25,30800.0,30995.0,27110.95833333333,436.20000000000005,433.86,870.06,240.66
PRESTIGE,450,1450.9,1458.0,22630.5,369.38000000000005,367.84000000000003,737.22,200.88
POWERGRID,1900,261.4,259.35,17473.033333333333,277.68,279.56,557.24,155.1
RADICO,150,4500.1,4522.7,23138.225,381.90999999999997,380.28999999999996,762.2,205.39
RBLBANK,3175,410.7,411.6,44900.850000000035,735.86,734.49,1470.35,398.57
RECLTD,1575,296.15,296.4,16820.7375,262.91,262.72,525.63,149.31
RVNL,1925,201.8,201.5,14535.354166666668,218.48,218.76,437.24,129.03
RELIANCE,500,1198.7,1205.2,20923.583333333336,339.25,337.69,676.94,185.73
SAGILITY,12000,42.99,43.0,18500.0,290.59999999999997,290.53999999999996,581.14,164.22
SAIL,4700,184.03,183.4,77454.43333333335,485.58000000000004,487.0,972.58,687.54
SBICARD,800,590.15,592.75,16260.333333333332,266.98,265.98,532.96,144.34
SHREECEM,25,22115.0,22025.0,19038.958333333336,310.2,311.28,621.48,169.0
SBILIFE,375,1722.5,1725.3,22645.125,364.33,363.83000000000004,728.16,201.01
SBIN,750,971.8,976.7,25526.124999999993,412.4,410.64,823.04,226.59
SHRIRAMFIN,825,974.9,975.8,28243.324999999997,453.35999999999996,453.0,906.36,250.71
SIEMENS,175,3762.3,3753.0,22708.875,369.96,370.74,740.7,201.58
SONACOMS,1225,830.0,829.1,35932.72083333334,572.06,572.59,1144.65,318.96
SOLARINDS,50,19620.0,19665.0,33195.25,553.66,552.58,1106.24,294.66
SRF,200,2485.9,2495.7,17175.3,281.02,280.08,561.1,152.46
SUNPHARMA,350,1845.8,1856.0,22716.166666666664,365.7,363.99,729.69,201.64
SUPREMEIND,175,3555.0,3495.4,21250.191666666666,344.92,349.92,694.84,188.63
SUZLON,12700,39.97,40.15,19156.891666666666,287.07,285.97999999999996,573.05,170.05
SWIGGY,1825,254.65,255.95,16855.85208333333,262.96,261.83,524.79,149.62
TATACONSUM,550,968.1,972.8,18694.133333333335,301.21,299.97,601.18,165.94
TATAPOWER,1450,359.75,362.2,19523.525,295.64,293.92999999999995,589.57,173.3
TATAELXSI,125,3189.9,3194.0,13979.166666666664,224.83999999999997,224.6,449.44,124.09
TATASTEEL,2750,189.1,190.8,20201.5,295.31,293.06,588.37,179.32
TCS,225,2096.0,2102.4,16196.025000000001,266.35,265.65999999999997,532.01,143.77
TECHM,600,1557.0,1555.2,31910.0,525.5699999999999,526.0899999999999,1051.66,283.26
TIINDIA,200,2427.2,2460.0,16962.0,276.81,273.65999999999997,550.47,150.57
TITAN,175,4662.0,4692.5,28501.52083333333,462.27,459.71000000000004,921.98,253.0
TMPV,1600,286.25,287.45,16917.733333333334,258.95,258.03,516.98,150.17
TORNTPHARM,125,4921.0,4935.0,21355.625,347.34999999999997,346.51000000000005,693.86,189.57
TRENT,225,2672.5,2683.2,20838.15,339.90999999999997,338.75,678.66,184.97
TVSMOTOR,175,4176.6,4183.1,25163.891666666663,412.24,411.69,823.93,223.37
UJJIVANSFB,8000,67.47,0.0,22625.066666666666,22.46,281.54,304.0,200.84
ULTRACEMCO,50,10971.0,11043.0,18952.75,310.82,309.09,619.91,168.24
UNIONBANK,4425,173.04,173.92,27302.25,433.25,431.38,864.63,242.35
UNITDSPR,400,1353.7,1364.0,19129.333333333332,307.09999999999997,305.12,612.22,169.81
UPL,1355,542.55,542.65,26762.492083333338,414.09999999999997,414.03999999999996,828.14,237.56
UNOMINDA,550,1177.3,1178.7,22402.324999999997,365.06,364.7,729.76,198.86
VBL,1275,437.3,439.7,19711.287500000002,315.61,314.14,629.75,174.97
VMM,4850,100.95,101.36,20673.28666666668,276.78000000000003,275.82,552.6,183.51
VEDL,1150,259.65,260.85,10836.737499999985,168.88,168.22,337.1,96.19
VOLTAS,375,1087.4,1094.0,14487.5,230.95000000000002,229.76,460.71,128.6
WAAREEENER,175,2398.1,2392.1,14731.120833333334,235.79999999999998,236.29999999999998,472.1,130.76
WIPRO,3000,161.99,161.3,17943.75,272.61,273.61,546.22,159.28
ZYDUSLIFE,900,1189.0,1196.5,37550.7,606.19,602.9499999999999,1209.14,333.33
YESBANK,31100,21.47,21.6,39559.2,378.15,376.21999999999997,754.37,351.16
