Instrument,Expiry Date,Strike Price,Option Type,Instrument Key
NSE_INDEX|Nifty 50,2026-09-08,22100.0,Call,NSE_FO|42554
NSE_INDEX|Nifty 50,2026-09-08,22100.0,Put,NSE_FO|42555
NSE_INDEX|Nifty 50,2026-09-08,22150.0,Call,NSE_FO|42556
NSE_INDEX|Nifty 50,2026-09-08,22150.0,Put,NSE_FO|42557
NSE_INDEX|Nifty 50,2026-09-08,22200.0,Call,NSE_FO|42558
NSE_INDEX|Nifty 50,2026-09-08,22200.0,Put,NSE_FO|42559
NSE_INDEX|Nifty 50,2026-09-08,22250.0,Call,NSE_FO|42560
NSE_INDEX|Nifty 50,2026-09-08,22250.0,Put,NSE_FO|42561
NSE_INDEX|Nifty 50,2026-09-08,22300.0,Call,NSE_FO|42562
NSE_INDEX|Nifty 50,2026-09-08,22300.0,Put,NSE_FO|42564
NSE_INDEX|Nifty 50,2026-09-08,22350.0,Call,NSE_FO|42565
NSE_INDEX|Nifty 50,2026-09-08,22350.0,Put,NSE_FO|42566
NSE_INDEX|Nifty 50,2026-09-08,22400.0,Call,NSE_FO|42567
NSE_INDEX|Nifty 50,2026-09-08,22400.0,Put,NSE_FO|42568
NSE_INDEX|Nifty 50,2026-09-08,22450.0,Call,NSE_FO|42569
NSE_INDEX|Nifty 50,2026-09-08,22450.0,Put,NSE_FO|42570
NSE_INDEX|Nifty 50,2026-09-08,22500.0,Call,NSE_FO|42571
NSE_INDEX|Nifty 50,2026-09-08,22500.0,Put,NSE_FO|42572
NSE_INDEX|Nifty 50,2026-09-08,22550.0,Call,NSE_FO|42573
NSE_INDEX|Nifty 50,2026-09-08,22550.0,Put,NSE_FO|42574
NSE_INDEX|Nifty 50,2026-09-08,22600.0,Call,NSE_FO|42575
NSE_INDEX|Nifty 50,2026-09-08,22600.0,Put,NSE_FO|42576
NSE_INDEX|Nifty 50,2026-09-08,22650.0,Call,NSE_FO|42577
NSE_INDEX|Nifty 50,2026-09-08,22650.0,Put,NSE_FO|42578
NSE_INDEX|Nifty 50,2026-09-08,22700.0,Call,NSE_FO|42579
NSE_INDEX|Nifty 50,2026-09-08,22700.0,Put,NSE_FO|42580
NSE_INDEX|Nifty 50,2026-09-08,22750.0,Call,NSE_FO|42581
NSE_INDEX|Nifty 50,2026-09-08,22750.0,Put,NSE_FO|42582
NSE_INDEX|Nifty 50,2026-09-08,22800.0,Call,NSE_FO|42583
NSE_INDEX|Nifty 50,2026-09-08,22800.0,Put,NSE_FO|42584
NSE_INDEX|Nifty 50,2026-09-08,22850.0,Call,NSE_FO|42585
NSE_INDEX|Nifty 50,2026-09-08,22850.0,Put,NSE_FO|42586
NSE_INDEX|Nifty 50,2026-09-08,22900.0,Call,NSE_FO|42587
NSE_INDEX|Nifty 50,2026-09-08,22900.0,Put,NSE_FO|42588
NSE_INDEX|Nifty 50,2026-09-08,22950.0,Call,NSE_FO|42589
NSE_INDEX|Nifty 50,2026-09-08,22950.0,Put,NSE_FO|42590
NSE_INDEX|Nifty 50,2026-09-08,23000.0,Call,NSE_FO|42591
NSE_INDEX|Nifty 50,2026-09-08,23000.0,Put,NSE_FO|42592
NSE_INDEX|Nifty 50,2026-09-08,23050.0,Call,NSE_FO|42593
NSE_INDEX|Nifty 50,2026-09-08,23050.0,Put,NSE_FO|42594
NSE_INDEX|Nifty 50,2026-09-08,23100.0,Call,NSE_FO|42595
NSE_INDEX|Nifty 50,2026-09-08,23100.0,Put,NSE_FO|42596
NSE_INDEX|Nifty 50,2026-09-08,23150.0,Call,NSE_FO|42597
NSE_INDEX|Nifty 50,2026-09-08,23150.0,Put,NSE_FO|42598
NSE_INDEX|Nifty 50,2026-09-08,23200.0,Call,NSE_FO|42599
NSE_INDEX|Nifty 50,2026-09-08,23200.0,Put,NSE_FO|42600
NSE_INDEX|Nifty 50,2026-09-08,23250.0,Call,NSE_FO|42601
NSE_INDEX|Nifty 50,2026-09-08,23250.0,Put,NSE_FO|42602
NSE_INDEX|Nifty 50,2026-09-08,23300.0,Call,NSE_FO|42603
NSE_INDEX|Nifty 50,2026-09-08,23300.0,Put,NSE_FO|42604
NSE_INDEX|Nifty 50,2026-09-08,23350.0,Call,NSE_FO|42605
NSE_INDEX|Nifty 50,2026-09-08,23350.0,Put,NSE_FO|42607
NSE_INDEX|Nifty 50,2026-09-08,23400.0,Call,NSE_FO|42608
NSE_INDEX|Nifty 50,2026-09-08,23400.0,Put,NSE_FO|42609
NSE_INDEX|Nifty 50,2026-09-08,23450.0,Call,NSE_FO|42610
NSE_INDEX|Nifty 50,2026-09-08,23450.0,Put,NSE_FO|42611
NSE_INDEX|Nifty 50,2026-09-08,23500.0,Call,NSE_FO|42612
NSE_INDEX|Nifty 50,2026-09-08,23500.0,Put,NSE_FO|42614
NSE_INDEX|Nifty 50,2026-09-08,23550.0,Call,NSE_FO|42615
NSE_INDEX|Nifty 50,2026-09-08,23550.0,Put,NSE_FO|42621
NSE_INDEX|Nifty 50,2026-09-08,23600.0,Call,NSE_FO|42623
NSE_INDEX|Nifty 50,2026-09-08,23600.0,Put,NSE_FO|42624
NSE_INDEX|Nifty 50,2026-09-08,23650.0,Call,NSE_FO|42625
NSE_INDEX|Nifty 50,2026-09-08,23650.0,Put,NSE_FO|42626
NSE_INDEX|Nifty 50,2026-09-08,23700.0,Call,NSE_FO|42627
NSE_INDEX|Nifty 50,2026-09-08,23700.0,Put,NSE_FO|42628
NSE_INDEX|Nifty 50,2026-09-08,23750.0,Call,NSE_FO|42629
NSE_INDEX|Nifty 50,2026-09-08,23750.0,Put,NSE_FO|42630
NSE_INDEX|Nifty 50,2026-09-08,23800.0,Call,NSE_FO|42631
NSE_INDEX|Nifty 50,2026-09-08,23800.0,Put,NSE_FO|42632
NSE_INDEX|Nifty 50,2026-09-08,23850.0,Call,NSE_FO|42633
NSE_INDEX|Nifty 50,2026-09-08,23850.0,Put,NSE_FO|42634
NSE_INDEX|Nifty 50,2026-09-08,23900.0,Call,NSE_FO|42635
NSE_INDEX|Nifty 50,2026-09-08,23900.0,Put,NSE_FO|42636
NSE_INDEX|Nifty 50,2026-09-08,23950.0,Call,NSE_FO|42637
NSE_INDEX|Nifty 50,2026-09-08,23950.0,Put,NSE_FO|42638
NSE_INDEX|Nifty 50,2026-09-08,24000.0,Call,NSE_FO|42639
NSE_INDEX|Nifty 50,2026-09-08,24000.0,Put,NSE_FO|42640
NSE_INDEX|Nifty 50,2026-09-08,24050.0,Call,NSE_FO|42641
NSE_INDEX|Nifty 50,2026-09-08,24050.0,Put,NSE_FO|42642
NSE_INDEX|Nifty 50,2026-09-08,24100.0,Call,NSE_FO|42643
NSE_INDEX|Nifty 50,2026-09-08,24100.0,Put,NSE_FO|42644
NSE_INDEX|Nifty 50,2026-09-08,24150.0,Call,NSE_FO|42645
NSE_INDEX|Nifty 50,2026-09-08,24150.0,Put,NSE_FO|42646
NSE_INDEX|Nifty 50,2026-09-08,24200.0,Call,NSE_FO|42647
NSE_INDEX|Nifty 50,2026-09-08,24200.0,Put,NSE_FO|42648
NSE_INDEX|Nifty 50,2026-09-08,24250.0,Call,NSE_FO|42649
NSE_INDEX|Nifty 50,2026-09-08,24250.0,Put,NSE_FO|42650
NSE_INDEX|Nifty 50,2026-09-08,24300.0,Call,NSE_FO|42651
NSE_INDEX|Nifty 50,2026-09-08,24300.0,Put,NSE_FO|42652
NSE_INDEX|Nifty 50,2026-09-08,24350.0,Call,NSE_FO|42653
NSE_INDEX|Nifty 50,2026-09-08,24350.0,Put,NSE_FO|42654
NSE_INDEX|Nifty 50,2026-09-08,24400.0,Call,NSE_FO|42657
NSE_INDEX|Nifty 50,2026-09-08,24400.0,Put,NSE_FO|42658
NSE_INDEX|Nifty 50,2026-09-08,24450.0,Call,NSE_FO|42659
NSE_INDEX|Nifty 50,2026-09-08,24450.0,Put,NSE_FO|42660
NSE_INDEX|Nifty 50,2026-09-08,24500.0,Call,NSE_FO|42661
NSE_INDEX|Nifty 50,2026-09-08,24500.0,Put,NSE_FO|42662
NSE_INDEX|Nifty 50,2026-09-08,24550.0,Call,NSE_FO|42663
NSE_INDEX|Nifty 50,2026-09-08,24550.0,Put,NSE_FO|42664
NSE_INDEX|Nifty 50,2026-09-08,24600.0,Call,NSE_FO|42665
NSE_INDEX|Nifty 50,2026-09-08,24600.0,Put,NSE_FO|42666
NSE_INDEX|Nifty 50,2026-09-08,24650.0,Call,NSE_FO|42667
NSE_INDEX|Nifty 50,2026-09-08,24650.0,Put,NSE_FO|42668
NSE_INDEX|Nifty 50,2026-09-08,24700.0,Call,NSE_FO|42669
NSE_INDEX|Nifty 50,2026-09-08,24700.0,Put,NSE_FO|42670
NSE_INDEX|Nifty 50,2026-09-08,24750.0,Call,NSE_FO|42671
NSE_INDEX|Nifty 50,2026-09-08,24750.0,Put,NSE_FO|42672
NSE_INDEX|Nifty 50,2026-09-08,24800.0,Call,NSE_FO|42673
NSE_INDEX|Nifty 50,2026-09-08,24800.0,Put,NSE_FO|42674
NSE_INDEX|Nifty 50,2026-09-08,24850.0,Call,NSE_FO|42675
NSE_INDEX|Nifty 50,2026-09-08,24850.0,Put,NSE_FO|42676
NSE_INDEX|Nifty 50,2026-09-08,24900.0,Call,NSE_FO|42677
NSE_INDEX|Nifty 50,2026-09-08,24900.0,Put,NSE_FO|42680
NSE_INDEX|Nifty 50,2026-09-08,24950.0,Call,NSE_FO|42681
NSE_INDEX|Nifty 50,2026-09-08,24950.0,Put,NSE_FO|42682
NSE_INDEX|Nifty 50,2026-09-08,25000.0,Call,NSE_FO|42683
NSE_INDEX|Nifty 50,2026-09-08,25000.0,Put,NSE_FO|42684
NSE_INDEX|Nifty 50,2026-09-08,25050.0,Call,NSE_FO|42687
NSE_INDEX|Nifty 50,2026-09-08,25050.0,Put,NSE_FO|42688
NSE_INDEX|Nifty 50,2026-09-08,25100.0,Call,NSE_FO|42691
NSE_INDEX|Nifty 50,2026-09-08,25100.0,Put,NSE_FO|42692
NSE_INDEX|Nifty 50,2026-09-08,25150.0,Call,NSE_FO|42694
NSE_INDEX|Nifty 50,2026-09-08,25150.0,Put,NSE_FO|42695
NSE_INDEX|Nifty 50,2026-09-08,25200.0,Call,NSE_FO|42697
NSE_INDEX|Nifty 50,2026-09-08,25200.0,Put,NSE_FO|42698
NSE_INDEX|Nifty 50,2026-09-08,25250.0,Call,NSE_FO|42699
NSE_INDEX|Nifty 50,2026-09-08,25250.0,Put,NSE_FO|42700
NSE_INDEX|Nifty 50,2026-09-08,25300.0,Call,NSE_FO|42701
NSE_INDEX|Nifty 50,2026-09-08,25300.0,Put,NSE_FO|42702
NSE_INDEX|Nifty 50,2026-09-08,25350.0,Call,NSE_FO|42705
NSE_INDEX|Nifty 50,2026-09-08,25350.0,Put,NSE_FO|42706
NSE_INDEX|Nifty 50,2026-09-08,25400.0,Call,NSE_FO|42707
NSE_INDEX|Nifty 50,2026-09-08,25400.0,Put,NSE_FO|42708
NSE_INDEX|Nifty 50,2026-09-08,25450.0,Call,NSE_FO|42709
NSE_INDEX|Nifty 50,2026-09-08,25450.0,Put,NSE_FO|42710
NSE_INDEX|Nifty 50,2026-09-08,25500.0,Call,NSE_FO|42711
NSE_INDEX|Nifty 50,2026-09-08,25500.0,Put,NSE_FO|42712
NSE_INDEX|Nifty 50,2026-09-08,25550.0,Call,NSE_FO|42714
NSE_INDEX|Nifty 50,2026-09-08,25550.0,Put,NSE_FO|42715
NSE_INDEX|Nifty 50,2026-09-08,25600.0,Call,NSE_FO|42723
NSE_INDEX|Nifty 50,2026-09-08,25600.0,Put,NSE_FO|42724
NSE_INDEX|Nifty 50,2026-09-08,25650.0,Call,NSE_FO|42725
NSE_INDEX|Nifty 50,2026-09-08,25650.0,Put,NSE_FO|42726
NSE_INDEX|Nifty 50,2026-09-08,25700.0,Call,NSE_FO|42727
NSE_INDEX|Nifty 50,2026-09-08,25700.0,Put,NSE_FO|42728
NSE_INDEX|Nifty 50,2026-09-08,25750.0,Call,NSE_FO|42729
NSE_INDEX|Nifty 50,2026-09-08,25750.0,Put,NSE_FO|42732
NSE_INDEX|Nifty 50,2026-09-08,25800.0,Call,NSE_FO|42733
NSE_INDEX|Nifty 50,2026-09-08,25800.0,Put,NSE_FO|42734
NSE_INDEX|Nifty 50,2026-09-08,25850.0,Call,NSE_FO|42735
NSE_INDEX|Nifty 50,2026-09-08,25850.0,Put,NSE_FO|42736
NSE_INDEX|Nifty 50,2026-09-08,25900.0,Call,NSE_FO|42741
NSE_INDEX|Nifty 50,2026-09-08,25900.0,Put,NSE_FO|42742
NSE_INDEX|Nifty 50,2026-09-08,25950.0,Call,NSE_FO|42743
NSE_INDEX|Nifty 50,2026-09-08,25950.0,Put,NSE_FO|42744
NSE_INDEX|Nifty 50,2026-09-08,26000.0,Call,NSE_FO|42745
NSE_INDEX|Nifty 50,2026-09-08,26000.0,Put,NSE_FO|42746
NSE_INDEX|Nifty 50,2026-09-08,26050.0,Call,NSE_FO|42747
NSE_INDEX|Nifty 50,2026-09-08,26050.0,Put,NSE_FO|42750
NSE_INDEX|Nifty 50,2026-09-08,26100.0,Call,NSE_FO|42753
NSE_INDEX|Nifty 50,2026-09-08,26100.0,Put,NSE_FO|42754
NSE_INDEX|Nifty 50,2026-09-08,26150.0,Call,NSE_FO|42759
NSE_INDEX|Nifty 50,2026-09-08,26150.0,Put,NSE_FO|42760
NSE_INDEX|Nifty 50,2026-09-08,26200.0,Call,NSE_FO|42761
NSE_INDEX|Nifty 50,2026-09-08,26200.0,Put,NSE_FO|42762
NSE_INDEX|Nifty 50,2026-09-08,26250.0,Call,NSE_FO|42763
NSE_INDEX|Nifty 50,2026-09-08,26250.0,Put,NSE_FO|42764
NSE_INDEX|Nifty 50,2026-09-08,26300.0,Call,NSE_FO|42765
NSE_INDEX|Nifty 50,2026-09-08,26300.0,Put,NSE_FO|42766
NSE_INDEX|Nifty 50,2026-09-08,26350.0,Call,NSE_FO|42767
NSE_INDEX|Nifty 50,2026-09-08,26350.0,Put,NSE_FO|42768
NSE_INDEX|Nifty 50,2026-09-08,26400.0,Call,NSE_FO|42769
NSE_INDEX|Nifty 50,2026-09-08,26400.0,Put,NSE_FO|42770
NSE_INDEX|Nifty Bank,2026-09-29,43500.0,Call,NSE_FO|52264
NSE_INDEX|Nifty Bank,2026-09-29,43500.0,Put,NSE_FO|52265
NSE_INDEX|Nifty Bank,2026-09-29,45000.0,Call,NSE_FO|52268
NSE_INDEX|Nifty Bank,2026-09-29,45000.0,Put,NSE_FO|52269
NSE_INDEX|Nifty Bank,2026-09-29,46500.0,Call,NSE_FO|52270
NSE_INDEX|Nifty Bank,2026-09-29,46500.0,Put,NSE_FO|52271
NSE_INDEX|Nifty Bank,2026-09-29,48000.0,Call,NSE_FO|52272
NSE_INDEX|Nifty Bank,2026-09-29,48000.0,Put,NSE_FO|52273
NSE_INDEX|Nifty Bank,2026-09-29,49000.0,Call,NSE_FO|69546
NSE_INDEX|Nifty Bank,2026-09-29,49000.0,Put,NSE_FO|69547
NSE_INDEX|Nifty Bank,2026-09-29,49500.0,Call,NSE_FO|52280
NSE_INDEX|Nifty Bank,2026-09-29,49500.0,Put,NSE_FO|52281
NSE_INDEX|Nifty Bank,2026-09-29,50000.0,Call,NSE_FO|69564
NSE_INDEX|Nifty Bank,2026-09-29,50000.0,Put,NSE_FO|69565
NSE_INDEX|Nifty Bank,2026-09-29,50500.0,Call,NSE_FO|69591
NSE_INDEX|Nifty Bank,2026-09-29,50500.0,Put,NSE_FO|69604
NSE_INDEX|Nifty Bank,2026-09-29,51000.0,Call,NSE_FO|52282
NSE_INDEX|Nifty Bank,2026-09-29,51000.0,Put,NSE_FO|52283
NSE_INDEX|Nifty Bank,2026-09-29,51400.0,Call,NSE_FO|69654
NSE_INDEX|Nifty Bank,2026-09-29,51400.0,Put,NSE_FO|69655
NSE_INDEX|Nifty Bank,2026-09-29,51500.0,Call,NSE_FO|69656
NSE_INDEX|Nifty Bank,2026-09-29,51500.0,Put,NSE_FO|69657
NSE_INDEX|Nifty Bank,2026-09-29,51600.0,Call,NSE_FO|69658
NSE_INDEX|Nifty Bank,2026-09-29,51600.0,Put,NSE_FO|69659
NSE_INDEX|Nifty Bank,2026-09-29,51700.0,Call,NSE_FO|69660
NSE_INDEX|Nifty Bank,2026-09-29,51700.0,Put,NSE_FO|69661
NSE_INDEX|Nifty Bank,2026-09-29,51800.0,Call,NSE_FO|69662
NSE_INDEX|Nifty Bank,2026-09-29,51800.0,Put,NSE_FO|69663
NSE_INDEX|Nifty Bank,2026-09-29,51900.0,Call,NSE_FO|69664
NSE_INDEX|Nifty Bank,2026-09-29,51900.0,Put,NSE_FO|69665
NSE_INDEX|Nifty Bank,2026-09-29,52000.0,Call,NSE_FO|69666
NSE_INDEX|Nifty Bank,2026-09-29,52000.0,Put,NSE_FO|69667
NSE_INDEX|Nifty Bank,2026-09-29,52100.0,Call,NSE_FO|69668
NSE_INDEX|Nifty Bank,2026-09-29,52100.0,Put,NSE_FO|69669
NSE_INDEX|Nifty Bank,2026-09-29,52200.0,Call,NSE_FO|69670
NSE_INDEX|Nifty Bank,2026-09-29,52200.0,Put,NSE_FO|69671
NSE_INDEX|Nifty Bank,2026-09-29,52300.0,Call,NSE_FO|69672
NSE_INDEX|Nifty Bank,2026-09-29,52300.0,Put,NSE_FO|69673
NSE_INDEX|Nifty Bank,2026-09-29,52400.0,Call,NSE_FO|69674
NSE_INDEX|Nifty Bank,2026-09-29,52400.0,Put,NSE_FO|69675
NSE_INDEX|Nifty Bank,2026-09-29,52500.0,Call,NSE_FO|52284
NSE_INDEX|Nifty Bank,2026-09-29,52500.0,Put,NSE_FO|52285
NSE_INDEX|Nifty Bank,2026-09-29,52600.0,Call,NSE_FO|69676
NSE_INDEX|Nifty Bank,2026-09-29,52600.0,Put,NSE_FO|69677
NSE_INDEX|Nifty Bank,2026-09-29,52700.0,Call,NSE_FO|69678
NSE_INDEX|Nifty Bank,2026-09-29,52700.0,Put,NSE_FO|69679
NSE_INDEX|Nifty Bank,2026-09-29,52800.0,Call,NSE_FO|69680
NSE_INDEX|Nifty Bank,2026-09-29,52800.0,Put,NSE_FO|69681
NSE_INDEX|Nifty Bank,2026-09-29,52900.0,Call,NSE_FO|69682
NSE_INDEX|Nifty Bank,2026-09-29,52900.0,Put,NSE_FO|69683
NSE_INDEX|Nifty Bank,2026-09-29,53000.0,Call,NSE_FO|69684
NSE_INDEX|Nifty Bank,2026-09-29,53000.0,Put,NSE_FO|69685
NSE_INDEX|Nifty Bank,2026-09-29,53100.0,Call,NSE_FO|69686
NSE_INDEX|Nifty Bank,2026-09-29,53100.0,Put,NSE_FO|69687
NSE_INDEX|Nifty Bank,2026-09-29,53200.0,Call,NSE_FO|69688
NSE_INDEX|Nifty Bank,2026-09-29,53200.0,Put,NSE_FO|69689
NSE_INDEX|Nifty Bank,2026-09-29,53300.0,Call,NSE_FO|69690
NSE_INDEX|Nifty Bank,2026-09-29,53300.0,Put,NSE_FO|69691
NSE_INDEX|Nifty Bank,2026-09-29,53400.0,Call,NSE_FO|69692
NSE_INDEX|Nifty Bank,2026-09-29,53400.0,Put,NSE_FO|69693
NSE_INDEX|Nifty Bank,2026-09-29,53500.0,Call,NSE_FO|69694
NSE_INDEX|Nifty Bank,2026-09-29,53500.0,Put,NSE_FO|69695
NSE_INDEX|Nifty Bank,2026-09-29,53600.0,Call,NSE_FO|69696
NSE_INDEX|Nifty Bank,2026-09-29,53600.0,Put,NSE_FO|69697
NSE_INDEX|Nifty Bank,2026-09-29,53700.0,Call,NSE_FO|69698
NSE_INDEX|Nifty Bank,2026-09-29,53700.0,Put,NSE_FO|69699
NSE_INDEX|Nifty Bank,2026-09-29,53800.0,Call,NSE_FO|69700
NSE_INDEX|Nifty Bank,2026-09-29,53800.0,Put,NSE_FO|69701
NSE_INDEX|Nifty Bank,2026-09-29,53900.0,Call,NSE_FO|69702
NSE_INDEX|Nifty Bank,2026-09-29,53900.0,Put,NSE_FO|69703
NSE_INDEX|Nifty Bank,2026-09-29,54000.0,Call,NSE_FO|52286
NSE_INDEX|Nifty Bank,2026-09-29,54000.0,Put,NSE_FO|52287
NSE_INDEX|Nifty Bank,2026-09-29,54100.0,Call,NSE_FO|69704
NSE_INDEX|Nifty Bank,2026-09-29,54100.0,Put,NSE_FO|69705
NSE_INDEX|Nifty Bank,2026-09-29,54200.0,Call,NSE_FO|69706
NSE_INDEX|Nifty Bank,2026-09-29,54200.0,Put,NSE_FO|69707
NSE_INDEX|Nifty Bank,2026-09-29,54300.0,Call,NSE_FO|69708
NSE_INDEX|Nifty Bank,2026-09-29,54300.0,Put,NSE_FO|69709
NSE_INDEX|Nifty Bank,2026-09-29,54400.0,Call,NSE_FO|69710
NSE_INDEX|Nifty Bank,2026-09-29,54400.0,Put,NSE_FO|69721
NSE_INDEX|Nifty Bank,2026-09-29,54500.0,Call,NSE_FO|69722
NSE_INDEX|Nifty Bank,2026-09-29,54500.0,Put,NSE_FO|69756
NSE_INDEX|Nifty Bank,2026-09-29,54600.0,Call,NSE_FO|69757
NSE_INDEX|Nifty Bank,2026-09-29,54600.0,Put,NSE_FO|69760
NSE_INDEX|Nifty Bank,2026-09-29,54700.0,Call,NSE_FO|69761
NSE_INDEX|Nifty Bank,2026-09-29,54700.0,Put,NSE_FO|69762
NSE_INDEX|Nifty Bank,2026-09-29,54800.0,Call,NSE_FO|69763
NSE_INDEX|Nifty Bank,2026-09-29,54800.0,Put,NSE_FO|69764
NSE_INDEX|Nifty Bank,2026-09-29,54900.0,Call,NSE_FO|69765
NSE_INDEX|Nifty Bank,2026-09-29,54900.0,Put,NSE_FO|69766
NSE_INDEX|Nifty Bank,2026-09-29,55000.0,Call,NSE_FO|69767
NSE_INDEX|Nifty Bank,2026-09-29,55000.0,Put,NSE_FO|69768
NSE_INDEX|Nifty Bank,2026-09-29,55100.0,Call,NSE_FO|69769
NSE_INDEX|Nifty Bank,2026-09-29,55100.0,Put,NSE_FO|69772
NSE_INDEX|Nifty Bank,2026-09-29,55200.0,Call,NSE_FO|69773
NSE_INDEX|Nifty Bank,2026-09-29,55200.0,Put,NSE_FO|69774
NSE_INDEX|Nifty Bank,2026-09-29,55300.0,Call,NSE_FO|69775
NSE_INDEX|Nifty Bank,2026-09-29,55300.0,Put,NSE_FO|69776
NSE_INDEX|Nifty Bank,2026-09-29,55400.0,Call,NSE_FO|69777
NSE_INDEX|Nifty Bank,2026-09-29,55400.0,Put,NSE_FO|69778
NSE_INDEX|Nifty Bank,2026-09-29,55500.0,Call,NSE_FO|52297
NSE_INDEX|Nifty Bank,2026-09-29,55500.0,Put,NSE_FO|52298
NSE_INDEX|Nifty Bank,2026-09-29,55600.0,Call,NSE_FO|69779
NSE_INDEX|Nifty Bank,2026-09-29,55600.0,Put,NSE_FO|69780
NSE_INDEX|Nifty Bank,2026-09-29,55700.0,Call,NSE_FO|69781
NSE_INDEX|Nifty Bank,2026-09-29,55700.0,Put,NSE_FO|69782
NSE_INDEX|Nifty Bank,2026-09-29,55800.0,Call,NSE_FO|69783
NSE_INDEX|Nifty Bank,2026-09-29,55800.0,Put,NSE_FO|69784
NSE_INDEX|Nifty Bank,2026-09-29,55900.0,Call,NSE_FO|69785
NSE_INDEX|Nifty Bank,2026-09-29,55900.0,Put,NSE_FO|69786
NSE_INDEX|Nifty Bank,2026-09-29,56000.0,Call,NSE_FO|69787
NSE_INDEX|Nifty Bank,2026-09-29,56000.0,Put,NSE_FO|69792
NSE_INDEX|Nifty Bank,2026-09-29,56100.0,Call,NSE_FO|69793
NSE_INDEX|Nifty Bank,2026-09-29,56100.0,Put,NSE_FO|69794
NSE_INDEX|Nifty Bank,2026-09-29,56200.0,Call,NSE_FO|69795
NSE_INDEX|Nifty Bank,2026-09-29,56200.0,Put,NSE_FO|69796
NSE_INDEX|Nifty Bank,2026-09-29,56300.0,Call,NSE_FO|69797
NSE_INDEX|Nifty Bank,2026-09-29,56300.0,Put,NSE_FO|69798
NSE_INDEX|Nifty Bank,2026-09-29,56400.0,Call,NSE_FO|69799
NSE_INDEX|Nifty Bank,2026-09-29,56400.0,Put,NSE_FO|69800
NSE_INDEX|Nifty Bank,2026-09-29,56500.0,Call,NSE_FO|69801
NSE_INDEX|Nifty Bank,2026-09-29,56500.0,Put,NSE_FO|69802
NSE_INDEX|Nifty Bank,2026-09-29,56600.0,Call,NSE_FO|69803
NSE_INDEX|Nifty Bank,2026-09-29,56600.0,Put,NSE_FO|69804
NSE_INDEX|Nifty Bank,2026-09-29,56700.0,Call,NSE_FO|69806
NSE_INDEX|Nifty Bank,2026-09-29,56700.0,Put,NSE_FO|69807
NSE_INDEX|Nifty Bank,2026-09-29,56800.0,Call,NSE_FO|69808
NSE_INDEX|Nifty Bank,2026-09-29,56800.0,Put,NSE_FO|69810
NSE_INDEX|Nifty Bank,2026-09-29,56900.0,Call,NSE_FO|69811
NSE_INDEX|Nifty Bank,2026-09-29,56900.0,Put,NSE_FO|69812
NSE_INDEX|Nifty Bank,2026-09-29,57000.0,Call,NSE_FO|52334
NSE_INDEX|Nifty Bank,2026-09-29,57000.0,Put,NSE_FO|52335
NSE_INDEX|Nifty Bank,2026-09-29,57100.0,Call,NSE_FO|69813
NSE_INDEX|Nifty Bank,2026-09-29,57100.0,Put,NSE_FO|69814
NSE_INDEX|Nifty Bank,2026-09-29,57200.0,Call,NSE_FO|69815
NSE_INDEX|Nifty Bank,2026-09-29,57200.0,Put,NSE_FO|69816
NSE_INDEX|Nifty Bank,2026-09-29,57300.0,Call,NSE_FO|69817
NSE_INDEX|Nifty Bank,2026-09-29,57300.0,Put,NSE_FO|69819
NSE_INDEX|Nifty Bank,2026-09-29,57400.0,Call,NSE_FO|69820
NSE_INDEX|Nifty Bank,2026-09-29,57400.0,Put,NSE_FO|69821
NSE_INDEX|Nifty Bank,2026-09-29,57500.0,Call,NSE_FO|69822
NSE_INDEX|Nifty Bank,2026-09-29,57500.0,Put,NSE_FO|69823
NSE_INDEX|Nifty Bank,2026-09-29,57600.0,Call,NSE_FO|69824
NSE_INDEX|Nifty Bank,2026-09-29,57600.0,Put,NSE_FO|69825
NSE_INDEX|Nifty Bank,2026-09-29,57700.0,Call,NSE_FO|69826
NSE_INDEX|Nifty Bank,2026-09-29,57700.0,Put,NSE_FO|69827
NSE_INDEX|Nifty Bank,2026-09-29,57800.0,Call,NSE_FO|69828
NSE_INDEX|Nifty Bank,2026-09-29,57800.0,Put,NSE_FO|69829
NSE_INDEX|Nifty Bank,2026-09-29,57900.0,Call,NSE_FO|69832
NSE_INDEX|Nifty Bank,2026-09-29,57900.0,Put,NSE_FO|69833
NSE_INDEX|Nifty Bank,2026-09-29,58000.0,Call,NSE_FO|69838
NSE_INDEX|Nifty Bank,2026-09-29,58000.0,Put,NSE_FO|69839
NSE_INDEX|Nifty Bank,2026-09-29,58100.0,Call,NSE_FO|69840
NSE_INDEX|Nifty Bank,2026-09-29,58100.0,Put,NSE_FO|69841
NSE_INDEX|Nifty Bank,2026-09-29,58200.0,Call,NSE_FO|69845
NSE_INDEX|Nifty Bank,2026-09-29,58200.0,Put,NSE_FO|69846
NSE_INDEX|Nifty Bank,2026-09-29,58300.0,Call,NSE_FO|69848
NSE_INDEX|Nifty Bank,2026-09-29,58300.0,Put,NSE_FO|69849
NSE_INDEX|Nifty Bank,2026-09-29,58400.0,Call,NSE_FO|69850
NSE_INDEX|Nifty Bank,2026-09-29,58400.0,Put,NSE_FO|69851
NSE_INDEX|Nifty Bank,2026-09-29,58500.0,Call,NSE_FO|52358
NSE_INDEX|Nifty Bank,2026-09-29,58500.0,Put,NSE_FO|52359
NSE_INDEX|Nifty Bank,2026-09-29,58600.0,Call,NSE_FO|69853
NSE_INDEX|Nifty Bank,2026-09-29,58600.0,Put,NSE_FO|69854
NSE_INDEX|Nifty Bank,2026-09-29,58700.0,Call,NSE_FO|69868
NSE_INDEX|Nifty Bank,2026-09-29,58700.0,Put,NSE_FO|69869
NSE_INDEX|Nifty Bank,2026-09-29,58800.0,Call,NSE_FO|69870
NSE_INDEX|Nifty Bank,2026-09-29,58800.0,Put,NSE_FO|69871
NSE_INDEX|Nifty Bank,2026-09-29,58900.0,Call,NSE_FO|69872
NSE_INDEX|Nifty Bank,2026-09-29,58900.0,Put,NSE_FO|69873
NSE_INDEX|Nifty Bank,2026-09-29,59000.0,Call,NSE_FO|69895
NSE_INDEX|Nifty Bank,2026-09-29,59000.0,Put,NSE_FO|69896
NSE_INDEX|Nifty Bank,2026-09-29,59100.0,Call,NSE_FO|69897
NSE_INDEX|Nifty Bank,2026-09-29,59100.0,Put,NSE_FO|69898
NSE_INDEX|Nifty Bank,2026-09-29,59200.0,Call,NSE_FO|69899
NSE_INDEX|Nifty Bank,2026-09-29,59200.0,Put,NSE_FO|69900
NSE_INDEX|Nifty Bank,2026-09-29,59300.0,Call,NSE_FO|69913
NSE_INDEX|Nifty Bank,2026-09-29,59300.0,Put,NSE_FO|69916
NSE_INDEX|Nifty Bank,2026-09-29,59400.0,Call,NSE_FO|69917
NSE_INDEX|Nifty Bank,2026-09-29,59400.0,Put,NSE_FO|69918
NSE_INDEX|Nifty Bank,2026-09-29,59500.0,Call,NSE_FO|69944
NSE_INDEX|Nifty Bank,2026-09-29,59500.0,Put,NSE_FO|69945
NSE_INDEX|Nifty Bank,2026-09-29,59600.0,Call,NSE_FO|69982
NSE_INDEX|Nifty Bank,2026-09-29,59600.0,Put,NSE_FO|69993
NSE_INDEX|Nifty Bank,2026-09-29,59700.0,Call,NSE_FO|69994
NSE_INDEX|Nifty Bank,2026-09-29,59700.0,Put,NSE_FO|69995
NSE_INDEX|Nifty Bank,2026-09-29,59800.0,Call,NSE_FO|69996
NSE_INDEX|Nifty Bank,2026-09-29,59800.0,Put,NSE_FO|70003
NSE_INDEX|Nifty Bank,2026-09-29,59900.0,Call,NSE_FO|70004
NSE_INDEX|Nifty Bank,2026-09-29,59900.0,Put,NSE_FO|70010
NSE_INDEX|Nifty Bank,2026-09-29,60000.0,Call,NSE_FO|52360
NSE_INDEX|Nifty Bank,2026-09-29,60000.0,Put,NSE_FO|52361
NSE_INDEX|Nifty Bank,2026-09-29,60100.0,Call,NSE_FO|70011
NSE_INDEX|Nifty Bank,2026-09-29,60100.0,Put,NSE_FO|70012
NSE_INDEX|Nifty Bank,2026-09-29,60200.0,Call,NSE_FO|70013
NSE_INDEX|Nifty Bank,2026-09-29,60200.0,Put,NSE_FO|70014
NSE_INDEX|Nifty Bank,2026-09-29,60300.0,Call,NSE_FO|70015
NSE_INDEX|Nifty Bank,2026-09-29,60300.0,Put,NSE_FO|70016
NSE_INDEX|Nifty Bank,2026-09-29,60400.0,Call,NSE_FO|70017
NSE_INDEX|Nifty Bank,2026-09-29,60400.0,Put,NSE_FO|70018
NSE_INDEX|Nifty Bank,2026-09-29,60500.0,Call,NSE_FO|70019
NSE_INDEX|Nifty Bank,2026-09-29,60500.0,Put,NSE_FO|70020
NSE_INDEX|Nifty Bank,2026-09-29,60600.0,Call,NSE_FO|70021
NSE_INDEX|Nifty Bank,2026-09-29,60600.0,Put,NSE_FO|70022
NSE_INDEX|Nifty Bank,2026-09-29,60700.0,Call,NSE_FO|70023
NSE_INDEX|Nifty Bank,2026-09-29,60700.0,Put,NSE_FO|70024
NSE_INDEX|Nifty Bank,2026-09-29,60800.0,Call,NSE_FO|70025
NSE_INDEX|Nifty Bank,2026-09-29,60800.0,Put,NSE_FO|70026
NSE_INDEX|Nifty Bank,2026-09-29,60900.0,Call,NSE_FO|70027
NSE_INDEX|Nifty Bank,2026-09-29,60900.0,Put,NSE_FO|70028
NSE_INDEX|Nifty Bank,2026-09-29,61000.0,Call,NSE_FO|70029
NSE_INDEX|Nifty Bank,2026-09-29,61000.0,Put,NSE_FO|70030
NSE_INDEX|Nifty Bank,2026-09-29,61100.0,Call,NSE_FO|70031
NSE_INDEX|Nifty Bank,2026-09-29,61100.0,Put,NSE_FO|70032
NSE_INDEX|Nifty Bank,2026-09-29,61200.0,Call,NSE_FO|70033
NSE_INDEX|Nifty Bank,2026-09-29,61200.0,Put,NSE_FO|70034
NSE_INDEX|Nifty Bank,2026-09-29,61300.0,Call,NSE_FO|70035
NSE_INDEX|Nifty Bank,2026-09-29,61300.0,Put,NSE_FO|70036
NSE_INDEX|Nifty Bank,2026-09-29,61400.0,Call,NSE_FO|70037
NSE_INDEX|Nifty Bank,2026-09-29,61400.0,Put,NSE_FO|70038
NSE_INDEX|Nifty Bank,2026-09-29,61500.0,Call,NSE_FO|52388
NSE_INDEX|Nifty Bank,2026-09-29,61500.0,Put,NSE_FO|52389
NSE_INDEX|Nifty Bank,2026-09-29,61600.0,Call,NSE_FO|70041
NSE_INDEX|Nifty Bank,2026-09-29,61600.0,Put,NSE_FO|70042
NSE_INDEX|Nifty Bank,2026-09-29,61700.0,Call,NSE_FO|70043
NSE_INDEX|Nifty Bank,2026-09-29,61700.0,Put,NSE_FO|70044
NSE_INDEX|Nifty Bank,2026-09-29,61800.0,Call,NSE_FO|70045
NSE_INDEX|Nifty Bank,2026-09-29,61800.0,Put,NSE_FO|70046
NSE_INDEX|Nifty Bank,2026-09-29,61900.0,Call,NSE_FO|70047
NSE_INDEX|Nifty Bank,2026-09-29,61900.0,Put,NSE_FO|70049
NSE_INDEX|Nifty Bank,2026-09-29,62000.0,Call,NSE_FO|70051
NSE_INDEX|Nifty Bank,2026-09-29,62000.0,Put,NSE_FO|70077
NSE_INDEX|Nifty Bank,2026-09-29,62100.0,Call,NSE_FO|70078
NSE_INDEX|Nifty Bank,2026-09-29,62100.0,Put,NSE_FO|70079
NSE_INDEX|Nifty Bank,2026-09-29,62200.0,Call,NSE_FO|70080
NSE_INDEX|Nifty Bank,2026-09-29,62200.0,Put,NSE_FO|70081
NSE_INDEX|Nifty Bank,2026-09-29,62300.0,Call,NSE_FO|70082
NSE_INDEX|Nifty Bank,2026-09-29,62300.0,Put,NSE_FO|70083
NSE_INDEX|Nifty Bank,2026-09-29,62400.0,Call,NSE_FO|70084
NSE_INDEX|Nifty Bank,2026-09-29,62400.0,Put,NSE_FO|70085
NSE_INDEX|Nifty Bank,2026-09-29,62500.0,Call,NSE_FO|70086
NSE_INDEX|Nifty Bank,2026-09-29,62500.0,Put,NSE_FO|70087
NSE_INDEX|Nifty Bank,2026-09-29,62600.0,Call,NSE_FO|70088
NSE_INDEX|Nifty Bank,2026-09-29,62600.0,Put,NSE_FO|70090
NSE_INDEX|Nifty Bank,2026-09-29,62700.0,Call,NSE_FO|70091
NSE_INDEX|Nifty Bank,2026-09-29,62700.0,Put,NSE_FO|70092
NSE_INDEX|Nifty Bank,2026-09-29,62800.0,Call,NSE_FO|70093
NSE_INDEX|Nifty Bank,2026-09-29,62800.0,Put,NSE_FO|70094
NSE_INDEX|Nifty Bank,2026-09-29,62900.0,Call,NSE_FO|70095
NSE_INDEX|Nifty Bank,2026-09-29,62900.0,Put,NSE_FO|70096
NSE_INDEX|Nifty Bank,2026-09-29,63000.0,Call,NSE_FO|52404
NSE_INDEX|Nifty Bank,2026-09-29,63000.0,Put,NSE_FO|52405
NSE_INDEX|Nifty Bank,2026-09-29,63100.0,Call,NSE_FO|70097
NSE_INDEX|Nifty Bank,2026-09-29,63100.0,Put,NSE_FO|70098
NSE_INDEX|Nifty Bank,2026-09-29,63200.0,Call,NSE_FO|70099
NSE_INDEX|Nifty Bank,2026-09-29,63200.0,Put,NSE_FO|70100
NSE_INDEX|Nifty Bank,2026-09-29,63300.0,Call,NSE_FO|70101
NSE_INDEX|Nifty Bank,2026-09-29,63300.0,Put,NSE_FO|70102
NSE_INDEX|Nifty Bank,2026-09-29,63400.0,Call,NSE_FO|70103
NSE_INDEX|Nifty Bank,2026-09-29,63400.0,Put,NSE_FO|70104
NSE_INDEX|Nifty Bank,2026-09-29,63500.0,Call,NSE_FO|70105
NSE_INDEX|Nifty Bank,2026-09-29,63500.0,Put,NSE_FO|70106
NSE_INDEX|Nifty Bank,2026-09-29,63600.0,Call,NSE_FO|70107
NSE_INDEX|Nifty Bank,2026-09-29,63600.0,Put,NSE_FO|70108
NSE_INDEX|Nifty Bank,2026-09-29,63700.0,Call,NSE_FO|70109
NSE_INDEX|Nifty Bank,2026-09-29,63700.0,Put,NSE_FO|70110
NSE_INDEX|Nifty Bank,2026-09-29,63800.0,Call,NSE_FO|70111
NSE_INDEX|Nifty Bank,2026-09-29,63800.0,Put,NSE_FO|70112
NSE_INDEX|Nifty Bank,2026-09-29,63900.0,Call,NSE_FO|70113
NSE_INDEX|Nifty Bank,2026-09-29,63900.0,Put,NSE_FO|70114
NSE_INDEX|Nifty Bank,2026-09-29,64000.0,Call,NSE_FO|70115
NSE_INDEX|Nifty Bank,2026-09-29,64000.0,Put,NSE_FO|70116
NSE_INDEX|Nifty Bank,2026-09-29,64100.0,Call,NSE_FO|70117
NSE_INDEX|Nifty Bank,2026-09-29,64100.0,Put,NSE_FO|70118
NSE_INDEX|Nifty Bank,2026-09-29,64200.0,Call,NSE_FO|70119
NSE_INDEX|Nifty Bank,2026-09-29,64200.0,Put,NSE_FO|70120
NSE_INDEX|Nifty Bank,2026-09-29,64500.0,Call,NSE_FO|52412
NSE_INDEX|Nifty Bank,2026-09-29,64500.0,Put,NSE_FO|52413
NSE_INDEX|Nifty Bank,2026-09-29,65000.0,Call,NSE_FO|70154
NSE_INDEX|Nifty Bank,2026-09-29,65000.0,Put,NSE_FO|70208
NSE_INDEX|Nifty Bank,2026-09-29,65500.0,Call,NSE_FO|70246
NSE_INDEX|Nifty Bank,2026-09-29,65500.0,Put,NSE_FO|70247
NSE_INDEX|Nifty Bank,2026-09-29,66000.0,Call,NSE_FO|52420
NSE_INDEX|Nifty Bank,2026-09-29,66000.0,Put,NSE_FO|52421
NSE_INDEX|Nifty Bank,2026-09-29,67500.0,Call,NSE_FO|52426
NSE_INDEX|Nifty Bank,2026-09-29,67500.0,Put,NSE_FO|52427
NSE_INDEX|Nifty Bank,2026-09-29,69000.0,Call,NSE_FO|52439
NSE_INDEX|Nifty Bank,2026-09-29,69000.0,Put,NSE_FO|52440
BSE_INDEX|SENSEX,2026-09-10,71100.0,Call,BSE_FO|860682
BSE_INDEX|SENSEX,2026-09-10,71100.0,Put,BSE_FO|860270
BSE_INDEX|SENSEX,2026-09-10,71200.0,Call,BSE_FO|860563
BSE_INDEX|SENSEX,2026-09-10,71200.0,Put,BSE_FO|860672
BSE_INDEX|SENSEX,2026-09-10,71300.0,Call,BSE_FO|860717
BSE_INDEX|SENSEX,2026-09-10,71300.0,Put,BSE_FO|860545
BSE_INDEX|SENSEX,2026-09-10,71400.0,Call,BSE_FO|860596
BSE_INDEX|SENSEX,2026-09-10,71400.0,Put,BSE_FO|860699
BSE_INDEX|SENSEX,2026-09-10,71500.0,Call,BSE_FO|860470
BSE_INDEX|SENSEX,2026-09-10,71500.0,Put,BSE_FO|860582
BSE_INDEX|SENSEX,2026-09-10,71600.0,Call,BSE_FO|860635
BSE_INDEX|SENSEX,2026-09-10,71600.0,Put,BSE_FO|860728
BSE_INDEX|SENSEX,2026-09-10,71700.0,Call,BSE_FO|860506
BSE_INDEX|SENSEX,2026-09-10,71700.0,Put,BSE_FO|860616
BSE_INDEX|SENSEX,2026-09-10,71800.0,Call,BSE_FO|860661
BSE_INDEX|SENSEX,2026-09-10,71800.0,Put,BSE_FO|860243
BSE_INDEX|SENSEX,2026-09-10,71900.0,Call,BSE_FO|860535
BSE_INDEX|SENSEX,2026-09-10,71900.0,Put,BSE_FO|860650
BSE_INDEX|SENSEX,2026-09-10,72000.0,Call,BSE_FO|860307
BSE_INDEX|SENSEX,2026-09-10,72000.0,Put,BSE_FO|860427
BSE_INDEX|SENSEX,2026-09-10,72100.0,Call,BSE_FO|860479
BSE_INDEX|SENSEX,2026-09-10,72100.0,Put,BSE_FO|860291
BSE_INDEX|SENSEX,2026-09-10,72200.0,Call,BSE_FO|860347
BSE_INDEX|SENSEX,2026-09-10,72200.0,Put,BSE_FO|860460
BSE_INDEX|SENSEX,2026-09-10,72300.0,Call,BSE_FO|860734
BSE_INDEX|SENSEX,2026-09-10,72300.0,Put,BSE_FO|860331
BSE_INDEX|SENSEX,2026-09-10,72400.0,Call,BSE_FO|860379
BSE_INDEX|SENSEX,2026-09-10,72400.0,Put,BSE_FO|860497
BSE_INDEX|SENSEX,2026-09-10,72500.0,Call,BSE_FO|860249
BSE_INDEX|SENSEX,2026-09-10,72500.0,Put,BSE_FO|860364
BSE_INDEX|SENSEX,2026-09-10,72600.0,Call,BSE_FO|860413
BSE_INDEX|SENSEX,2026-09-10,72600.0,Put,BSE_FO|860523
BSE_INDEX|SENSEX,2026-09-10,72700.0,Call,BSE_FO|860281
BSE_INDEX|SENSEX,2026-09-10,72700.0,Put,BSE_FO|860397
BSE_INDEX|SENSEX,2026-09-10,72800.0,Call,BSE_FO|860452
BSE_INDEX|SENSEX,2026-09-10,72800.0,Put,BSE_FO|860261
BSE_INDEX|SENSEX,2026-09-10,72900.0,Call,BSE_FO|860315
BSE_INDEX|SENSEX,2026-09-10,72900.0,Put,BSE_FO|860433
BSE_INDEX|SENSEX,2026-09-10,73000.0,Call,BSE_FO|860629
BSE_INDEX|SENSEX,2026-09-10,73000.0,Put,BSE_FO|860724
BSE_INDEX|SENSEX,2026-09-10,73100.0,Call,BSE_FO|860500
BSE_INDEX|SENSEX,2026-09-10,73100.0,Put,BSE_FO|860610
BSE_INDEX|SENSEX,2026-09-10,73200.0,Call,BSE_FO|860658
BSE_INDEX|SENSEX,2026-09-10,73200.0,Put,BSE_FO|860752
BSE_INDEX|SENSEX,2026-09-10,73300.0,Call,BSE_FO|860529
BSE_INDEX|SENSEX,2026-09-10,73300.0,Put,BSE_FO|860646
BSE_INDEX|SENSEX,2026-09-10,73400.0,Call,BSE_FO|860683
BSE_INDEX|SENSEX,2026-09-10,73400.0,Put,BSE_FO|860271
BSE_INDEX|SENSEX,2026-09-10,73500.0,Call,BSE_FO|860564
BSE_INDEX|SENSEX,2026-09-10,73500.0,Put,BSE_FO|860673
BSE_INDEX|SENSEX,2026-09-10,73600.0,Call,BSE_FO|860718
BSE_INDEX|SENSEX,2026-09-10,73600.0,Put,BSE_FO|860546
BSE_INDEX|SENSEX,2026-09-10,73700.0,Call,BSE_FO|860597
BSE_INDEX|SENSEX,2026-09-10,73700.0,Put,BSE_FO|860700
BSE_INDEX|SENSEX,2026-09-10,73800.0,Call,BSE_FO|860471
BSE_INDEX|SENSEX,2026-09-10,73800.0,Put,BSE_FO|860583
BSE_INDEX|SENSEX,2026-09-10,73900.0,Call,BSE_FO|860636
BSE_INDEX|SENSEX,2026-09-10,73900.0,Put,BSE_FO|860729
BSE_INDEX|SENSEX,2026-09-10,74000.0,Call,BSE_FO|860406
BSE_INDEX|SENSEX,2026-09-10,74000.0,Put,BSE_FO|860520
BSE_INDEX|SENSEX,2026-09-10,74100.0,Call,BSE_FO|860273
BSE_INDEX|SENSEX,2026-09-10,74100.0,Put,BSE_FO|860390
BSE_INDEX|SENSEX,2026-09-10,74200.0,Call,BSE_FO|860447
BSE_INDEX|SENSEX,2026-09-10,74200.0,Put,BSE_FO|860257
BSE_INDEX|SENSEX,2026-09-10,74300.0,Call,BSE_FO|860309
BSE_INDEX|SENSEX,2026-09-10,74300.0,Put,BSE_FO|860428
BSE_INDEX|SENSEX,2026-09-10,74400.0,Call,BSE_FO|860480
BSE_INDEX|SENSEX,2026-09-10,74400.0,Put,BSE_FO|860292
BSE_INDEX|SENSEX,2026-09-10,74500.0,Call,BSE_FO|860348
BSE_INDEX|SENSEX,2026-09-10,74500.0,Put,BSE_FO|860461
BSE_INDEX|SENSEX,2026-09-10,74600.0,Call,BSE_FO|860735
BSE_INDEX|SENSEX,2026-09-10,74600.0,Put,BSE_FO|860332
BSE_INDEX|SENSEX,2026-09-10,74700.0,Call,BSE_FO|860380
BSE_INDEX|SENSEX,2026-09-10,74700.0,Put,BSE_FO|860498
BSE_INDEX|SENSEX,2026-09-10,74800.0,Call,BSE_FO|860250
BSE_INDEX|SENSEX,2026-09-10,74800.0,Put,BSE_FO|860365
BSE_INDEX|SENSEX,2026-09-10,74900.0,Call,BSE_FO|860414
BSE_INDEX|SENSEX,2026-09-10,74900.0,Put,BSE_FO|860746
BSE_INDEX|SENSEX,2026-09-10,75000.0,Call,BSE_FO|860710
BSE_INDEX|SENSEX,2026-09-10,75000.0,Put,BSE_FO|860540
BSE_INDEX|SENSEX,2026-09-10,75100.0,Call,BSE_FO|860589
BSE_INDEX|SENSEX,2026-09-10,75100.0,Put,BSE_FO|860691
BSE_INDEX|SENSEX,2026-09-10,75200.0,Call,BSE_FO|860464
BSE_INDEX|SENSEX,2026-09-10,75200.0,Put,BSE_FO|860576
BSE_INDEX|SENSEX,2026-09-10,75300.0,Call,BSE_FO|860630
BSE_INDEX|SENSEX,2026-09-10,75300.0,Put,BSE_FO|860725
BSE_INDEX|SENSEX,2026-09-10,75400.0,Call,BSE_FO|860501
BSE_INDEX|SENSEX,2026-09-10,75400.0,Put,BSE_FO|860611
BSE_INDEX|SENSEX,2026-09-10,75500.0,Call,BSE_FO|860659
BSE_INDEX|SENSEX,2026-09-10,75500.0,Put,BSE_FO|860754
BSE_INDEX|SENSEX,2026-09-10,75600.0,Call,BSE_FO|860530
BSE_INDEX|SENSEX,2026-09-10,75600.0,Put,BSE_FO|860647
BSE_INDEX|SENSEX,2026-09-10,75700.0,Call,BSE_FO|860684
BSE_INDEX|SENSEX,2026-09-10,75700.0,Put,BSE_FO|860513
BSE_INDEX|SENSEX,2026-09-10,75800.0,Call,BSE_FO|860565
BSE_INDEX|SENSEX,2026-09-10,75800.0,Put,BSE_FO|860674
BSE_INDEX|SENSEX,2026-09-10,75900.0,Call,BSE_FO|860437
BSE_INDEX|SENSEX,2026-09-10,75900.0,Put,BSE_FO|860547
BSE_INDEX|SENSEX,2026-09-10,76000.0,Call,BSE_FO|860730
BSE_INDEX|SENSEX,2026-09-10,76000.0,Put,BSE_FO|860326
BSE_INDEX|SENSEX,2026-09-10,76100.0,Call,BSE_FO|860374
BSE_INDEX|SENSEX,2026-09-10,76100.0,Put,BSE_FO|860492
BSE_INDEX|SENSEX,2026-09-10,76200.0,Call,BSE_FO|860244
BSE_INDEX|SENSEX,2026-09-10,76200.0,Put,BSE_FO|860361
BSE_INDEX|SENSEX,2026-09-10,76300.0,Call,BSE_FO|860407
BSE_INDEX|SENSEX,2026-09-10,76300.0,Put,BSE_FO|860521
BSE_INDEX|SENSEX,2026-09-10,76400.0,Call,BSE_FO|860275
BSE_INDEX|SENSEX,2026-09-10,76400.0,Put,BSE_FO|860392
BSE_INDEX|SENSEX,2026-09-10,76500.0,Call,BSE_FO|860448
BSE_INDEX|SENSEX,2026-09-10,76500.0,Put,BSE_FO|860258
BSE_INDEX|SENSEX,2026-09-10,76600.0,Call,BSE_FO|860310
BSE_INDEX|SENSEX,2026-09-10,76600.0,Put,BSE_FO|860430
BSE_INDEX|SENSEX,2026-09-10,76700.0,Call,BSE_FO|860701
BSE_INDEX|SENSEX,2026-09-10,76700.0,Put,BSE_FO|860293
BSE_INDEX|SENSEX,2026-09-10,76800.0,Call,BSE_FO|860349
BSE_INDEX|SENSEX,2026-09-10,76800.0,Put,BSE_FO|860462
BSE_INDEX|SENSEX,2026-09-10,76900.0,Call,BSE_FO|860736
BSE_INDEX|SENSEX,2026-09-10,76900.0,Put,BSE_FO|860333
BSE_INDEX|SENSEX,2026-09-10,77000.0,Call,BSE_FO|860524
BSE_INDEX|SENSEX,2026-09-10,77000.0,Put,BSE_FO|860642
BSE_INDEX|SENSEX,2026-09-10,77100.0,Call,BSE_FO|860680
BSE_INDEX|SENSEX,2026-09-10,77100.0,Put,BSE_FO|860269
BSE_INDEX|SENSEX,2026-09-10,77200.0,Call,BSE_FO|860559
BSE_INDEX|SENSEX,2026-09-10,77200.0,Put,BSE_FO|860667
BSE_INDEX|SENSEX,2026-09-10,77300.0,Call,BSE_FO|860712
BSE_INDEX|SENSEX,2026-09-10,77300.0,Put,BSE_FO|860541
BSE_INDEX|SENSEX,2026-09-10,77400.0,Call,BSE_FO|860590
BSE_INDEX|SENSEX,2026-09-10,77400.0,Put,BSE_FO|860692
BSE_INDEX|SENSEX,2026-09-10,77500.0,Call,BSE_FO|860465
BSE_INDEX|SENSEX,2026-09-10,77500.0,Put,BSE_FO|860577
BSE_INDEX|SENSEX,2026-09-10,77600.0,Call,BSE_FO|860631
BSE_INDEX|SENSEX,2026-09-10,77600.0,Put,BSE_FO|860726
BSE_INDEX|SENSEX,2026-09-10,77700.0,Call,BSE_FO|860502
BSE_INDEX|SENSEX,2026-09-10,77700.0,Put,BSE_FO|860613
BSE_INDEX|SENSEX,2026-09-10,77800.0,Call,BSE_FO|860660
BSE_INDEX|SENSEX,2026-09-10,77800.0,Put,BSE_FO|860482
BSE_INDEX|SENSEX,2026-09-10,77900.0,Call,BSE_FO|860531
BSE_INDEX|SENSEX,2026-09-10,77900.0,Put,BSE_FO|860648
BSE_INDEX|SENSEX,2026-09-10,78000.0,Call,BSE_FO|860304
BSE_INDEX|SENSEX,2026-09-10,78000.0,Put,BSE_FO|860423
BSE_INDEX|SENSEX,2026-09-10,78100.0,Call,BSE_FO|860475
BSE_INDEX|SENSEX,2026-09-10,78100.0,Put,BSE_FO|860289
BSE_INDEX|SENSEX,2026-09-10,78200.0,Call,BSE_FO|860343
BSE_INDEX|SENSEX,2026-09-10,78200.0,Put,BSE_FO|860458
BSE_INDEX|SENSEX,2026-09-10,78300.0,Call,BSE_FO|860731
BSE_INDEX|SENSEX,2026-09-10,78300.0,Put,BSE_FO|860328
BSE_INDEX|SENSEX,2026-09-10,78400.0,Call,BSE_FO|860376
BSE_INDEX|SENSEX,2026-09-10,78400.0,Put,BSE_FO|860493
BSE_INDEX|SENSEX,2026-09-10,78500.0,Call,BSE_FO|860245
BSE_INDEX|SENSEX,2026-09-10,78500.0,Put,BSE_FO|860362
BSE_INDEX|SENSEX,2026-09-10,78600.0,Call,BSE_FO|860408
BSE_INDEX|SENSEX,2026-09-10,78600.0,Put,BSE_FO|860745
BSE_INDEX|SENSEX,2026-09-10,78700.0,Call,BSE_FO|860276
BSE_INDEX|SENSEX,2026-09-10,78700.0,Put,BSE_FO|860393
BSE_INDEX|SENSEX,2026-09-10,78800.0,Call,BSE_FO|860676
BSE_INDEX|SENSEX,2026-09-10,78800.0,Put,BSE_FO|860259
BSE_INDEX|SENSEX,2026-09-10,78900.0,Call,BSE_FO|860311
BSE_INDEX|SENSEX,2026-09-10,78900.0,Put,BSE_FO|860431
BSE_INDEX|SENSEX,2026-09-10,79000.0,Call,BSE_FO|860627
BSE_INDEX|SENSEX,2026-09-10,79000.0,Put,BSE_FO|860723
BSE_INDEX|SENSEX,2026-09-10,79100.0,Call,BSE_FO|860499
BSE_INDEX|SENSEX,2026-09-10,79100.0,Put,BSE_FO|860607
BSE_INDEX|SENSEX,2026-09-10,79200.0,Call,BSE_FO|860657
BSE_INDEX|SENSEX,2026-09-10,79200.0,Put,BSE_FO|860751
BSE_INDEX|SENSEX,2026-09-10,79300.0,Call,BSE_FO|860525
BSE_INDEX|SENSEX,2026-09-10,79300.0,Put,BSE_FO|860643
BSE_INDEX|SENSEX,2026-09-10,79400.0,Call,BSE_FO|860681
BSE_INDEX|SENSEX,2026-09-10,79400.0,Put,BSE_FO|860511
BSE_INDEX|SENSEX,2026-09-10,79500.0,Call,BSE_FO|860560
BSE_INDEX|SENSEX,2026-09-10,79500.0,Put,BSE_FO|860668
BSE_INDEX|SENSEX,2026-09-10,79600.0,Call,BSE_FO|860434
BSE_INDEX|SENSEX,2026-09-10,79600.0,Put,BSE_FO|860542
BSE_INDEX|SENSEX,2026-09-10,79700.0,Call,BSE_FO|860591
BSE_INDEX|SENSEX,2026-09-10,79700.0,Put,BSE_FO|860695
BSE_INDEX|SENSEX,2026-09-10,79800.0,Call,BSE_FO|860467
BSE_INDEX|SENSEX,2026-09-10,79800.0,Put,BSE_FO|860579
BSE_INDEX|SENSEX,2026-09-10,79900.0,Call,BSE_FO|860632
BSE_INDEX|SENSEX,2026-09-10,79900.0,Put,BSE_FO|860449
BSE_INDEX|SENSEX,2026-09-10,80000.0,Call,BSE_FO|860514
BSE_INDEX|SENSEX,2026-09-10,80000.0,Put,BSE_FO|860633
BSE_INDEX|SENSEX,2026-09-10,80100.0,Call,BSE_FO|860382
BSE_INDEX|SENSEX,2026-09-10,80100.0,Put,BSE_FO|860503
BSE_INDEX|SENSEX,2026-09-10,80200.0,Call,BSE_FO|860550
BSE_INDEX|SENSEX,2026-09-10,80200.0,Put,BSE_FO|860366
BSE_INDEX|SENSEX,2026-09-10,80300.0,Call,BSE_FO|860417
BSE_INDEX|SENSEX,2026-09-10,80300.0,Put,BSE_FO|860532
BSE_INDEX|SENSEX,2026-09-10,80400.0,Call,BSE_FO|860283
BSE_INDEX|SENSEX,2026-09-10,80400.0,Put,BSE_FO|860401
BSE_INDEX|SENSEX,2026-09-10,80500.0,Call,BSE_FO|860454
BSE_INDEX|SENSEX,2026-09-10,80500.0,Put,BSE_FO|860567
BSE_INDEX|SENSEX,2026-09-10,80600.0,Call,BSE_FO|860321
BSE_INDEX|SENSEX,2026-09-10,80600.0,Put,BSE_FO|860439
BSE_INDEX|SENSEX,2026-09-10,80700.0,Call,BSE_FO|860487
BSE_INDEX|SENSEX,2026-09-10,80700.0,Put,BSE_FO|860299
BSE_INDEX|SENSEX,2026-09-10,80800.0,Call,BSE_FO|860356
BSE_INDEX|SENSEX,2026-09-10,80800.0,Put,BSE_FO|860472
BSE_INDEX|SENSEX,2026-09-10,80900.0,Call,BSE_FO|860741
BSE_INDEX|SENSEX,2026-09-10,80900.0,Put,BSE_FO|860340
BSE_INDEX|SENSEX,2026-09-10,81000.0,Call,BSE_FO|860295
BSE_INDEX|SENSEX,2026-09-10,81000.0,Put,BSE_FO|860651
BSE_INDEX|SENSEX,2026-09-10,81100.0,Call,BSE_FO|860687
BSE_INDEX|SENSEX,2026-09-10,81100.0,Put,BSE_FO|860278
BSE_INDEX|SENSEX,2026-09-10,81200.0,Call,BSE_FO|860571
BSE_INDEX|SENSEX,2026-09-10,81200.0,Put,BSE_FO|860677
BSE_INDEX|SENSEX,2026-09-10,81300.0,Call,BSE_FO|860721
BSE_INDEX|SENSEX,2026-09-10,81300.0,Put,BSE_FO|860312
BSE_INDEX|SENSEX,2026-09-10,81400.0,Call,BSE_FO|860604
BSE_INDEX|SENSEX,2026-09-10,81400.0,Put,BSE_FO|860702
BSE_INDEX|SENSEX,2026-09-10,81500.0,Call,BSE_FO|860749
BSE_INDEX|SENSEX,2026-09-10,81500.0,Put,BSE_FO|860584
BSE_INDEX|SENSEX,2026-09-10,81600.0,Call,BSE_FO|860639
BSE_INDEX|SENSEX,2026-09-10,81600.0,Put,BSE_FO|860737
BSE_INDEX|SENSEX,2026-09-10,81700.0,Call,BSE_FO|860509
BSE_INDEX|SENSEX,2026-09-10,81700.0,Put,BSE_FO|860622
BSE_INDEX|SENSEX,2026-09-10,81800.0,Call,BSE_FO|860665
BSE_INDEX|SENSEX,2026-09-10,81800.0,Put,BSE_FO|860251
BSE_INDEX|SENSEX,2026-09-10,81900.0,Call,BSE_FO|860539
BSE_INDEX|SENSEX,2026-09-10,81900.0,Put,BSE_FO|860653
BSE_INDEX|SENSEX,2026-09-10,82000.0,Call,BSE_FO|860316
BSE_INDEX|SENSEX,2026-09-10,82000.0,Put,BSE_FO|860435
BSE_INDEX|SENSEX,2026-09-10,82100.0,Call,BSE_FO|860485
BSE_INDEX|SENSEX,2026-09-10,82100.0,Put,BSE_FO|860593
BSE_INDEX|SENSEX,2026-09-10,82200.0,Call,BSE_FO|860352
BSE_INDEX|SENSEX,2026-09-10,82200.0,Put,BSE_FO|860468
BSE_INDEX|SENSEX,2026-09-10,82300.0,Call,BSE_FO|860515
BSE_INDEX|SENSEX,2026-09-10,82300.0,Put,BSE_FO|860337
BSE_INDEX|SENSEX,2026-09-10,82400.0,Call,BSE_FO|860383
BSE_INDEX|SENSEX,2026-09-10,82400.0,Put,BSE_FO|860504
BSE_INDEX|SENSEX,2026-09-10,82500.0,Call,BSE_FO|860254
BSE_INDEX|SENSEX,2026-09-10,82500.0,Put,BSE_FO|860368
BSE_INDEX|SENSEX,2026-09-10,82600.0,Call,BSE_FO|860418
BSE_INDEX|SENSEX,2026-09-10,82600.0,Put,BSE_FO|860533
BSE_INDEX|SENSEX,2026-09-10,82700.0,Call,BSE_FO|860284
BSE_INDEX|SENSEX,2026-09-10,82700.0,Put,BSE_FO|860402
BSE_INDEX|SENSEX,2026-09-10,82800.0,Call,BSE_FO|860455
BSE_INDEX|SENSEX,2026-09-10,82800.0,Put,BSE_FO|860569
BSE_INDEX|SENSEX,2026-09-10,82900.0,Call,BSE_FO|860322
BSE_INDEX|SENSEX,2026-09-10,82900.0,Put,BSE_FO|860442
BSE_INDEX|SENSEX,2026-09-10,83000.0,Call,BSE_FO|860638
BSE_INDEX|SENSEX,2026-09-10,83000.0,Put,BSE_FO|860733
BSE_INDEX|SENSEX,2026-09-10,83100.0,Call,BSE_FO|860262
BSE_INDEX|SENSEX,2026-09-10,83100.0,Put,BSE_FO|860621
BSE_INDEX|SENSEX,2026-09-10,83200.0,Call,BSE_FO|860662
BSE_INDEX|SENSEX,2026-09-10,83200.0,Put,BSE_FO|860246
BSE_INDEX|SENSEX,2026-09-10,83300.0,Call,BSE_FO|860536
BSE_INDEX|SENSEX,2026-09-10,83300.0,Put,BSE_FO|860652
BSE_INDEX|SENSEX,2026-09-10,83400.0,Call,BSE_FO|860688
BSE_INDEX|SENSEX,2026-09-10,83400.0,Put,BSE_FO|860279
BSE_INDEX|SENSEX,2026-09-10,83500.0,Call,BSE_FO|860980
BSE_INDEX|SENSEX,2026-09-10,83500.0,Put,BSE_FO|861029
BSE_INDEX|SENSEX,2026-09-10,83600.0,Call,BSE_FO|861041
BSE_INDEX|SENSEX,2026-09-10,83600.0,Put,BSE_FO|860974
BSE_INDEX|SENSEX,2026-09-10,83700.0,Call,BSE_FO|860990
BSE_INDEX|SENSEX,2026-09-10,83700.0,Put,BSE_FO|861035
BSE_INDEX|SENSEX,2026-09-10,83800.0,Call,BSE_FO|861055
BSE_INDEX|SENSEX,2026-09-10,83800.0,Put,BSE_FO|860983
BSE_INDEX|SENSEX,2026-09-10,83900.0,Call,BSE_FO|861942
BSE_INDEX|SENSEX,2026-09-10,83900.0,Put,BSE_FO|862018
BSE_INDEX|SENSEX,2026-09-10,84000.0,Call,BSE_FO|861798
BSE_INDEX|SENSEX,2026-09-10,84000.0,Put,BSE_FO|861880
