Instrument,Expiry Date,Strike Price,Option Type,Instrument Key
NSE_INDEX|Nifty 50,2025-10-28,22600.0,Call,NSE_FO|58692
NSE_INDEX|Nifty 50,2025-10-28,22600.0,Put,NSE_FO|58696
NSE_INDEX|Nifty 50,2025-10-28,22650.0,Call,NSE_FO|58697
NSE_INDEX|Nifty 50,2025-10-28,22650.0,Put,NSE_FO|58698
NSE_INDEX|Nifty 50,2025-10-28,22700.0,Call,NSE_FO|58699
NSE_INDEX|Nifty 50,2025-10-28,22700.0,Put,NSE_FO|58700
NSE_INDEX|Nifty 50,2025-10-28,22750.0,Call,NSE_FO|58701
NSE_INDEX|Nifty 50,2025-10-28,22750.0,Put,NSE_FO|58708
NSE_INDEX|Nifty 50,2025-10-28,22800.0,Call,NSE_FO|58709
NSE_INDEX|Nifty 50,2025-10-28,22800.0,Put,NSE_FO|58712
NSE_INDEX|Nifty 50,2025-10-28,22850.0,Call,NSE_FO|58713
NSE_INDEX|Nifty 50,2025-10-28,22850.0,Put,NSE_FO|58714
NSE_INDEX|Nifty 50,2025-10-28,22900.0,Call,NSE_FO|58715
NSE_INDEX|Nifty 50,2025-10-28,22900.0,Put,NSE_FO|58717
NSE_INDEX|Nifty 50,2025-10-28,22950.0,Call,NSE_FO|58718
NSE_INDEX|Nifty 50,2025-10-28,22950.0,Put,NSE_FO|58719
NSE_INDEX|Nifty 50,2025-10-28,23000.0,Call,NSE_FO|58722
NSE_INDEX|Nifty 50,2025-10-28,23000.0,Put,NSE_FO|58723
NSE_INDEX|Nifty 50,2025-10-28,23050.0,Call,NSE_FO|58724
NSE_INDEX|Nifty 50,2025-10-28,23050.0,Put,NSE_FO|58726
NSE_INDEX|Nifty 50,2025-10-28,23100.0,Call,NSE_FO|58727
NSE_INDEX|Nifty 50,2025-10-28,23100.0,Put,NSE_FO|58731
NSE_INDEX|Nifty 50,2025-10-28,23150.0,Call,NSE_FO|58732
NSE_INDEX|Nifty 50,2025-10-28,23150.0,Put,NSE_FO|58733
NSE_INDEX|Nifty 50,2025-10-28,23200.0,Call,NSE_FO|58734
NSE_INDEX|Nifty 50,2025-10-28,23200.0,Put,NSE_FO|58735
NSE_INDEX|Nifty 50,2025-10-28,23250.0,Call,NSE_FO|58736
NSE_INDEX|Nifty 50,2025-10-28,23250.0,Put,NSE_FO|58737
NSE_INDEX|Nifty 50,2025-10-28,23300.0,Call,NSE_FO|58738
NSE_INDEX|Nifty 50,2025-10-28,23300.0,Put,NSE_FO|58739
NSE_INDEX|Nifty 50,2025-10-28,23350.0,Call,NSE_FO|58740
NSE_INDEX|Nifty 50,2025-10-28,23350.0,Put,NSE_FO|58741
NSE_INDEX|Nifty 50,2025-10-28,23400.0,Call,NSE_FO|58742
NSE_INDEX|Nifty 50,2025-10-28,23400.0,Put,NSE_FO|58743
NSE_INDEX|Nifty 50,2025-10-28,23450.0,Call,NSE_FO|58744
NSE_INDEX|Nifty 50,2025-10-28,23450.0,Put,NSE_FO|58745
NSE_INDEX|Nifty 50,2025-10-28,23500.0,Call,NSE_FO|58746
NSE_INDEX|Nifty 50,2025-10-28,23500.0,Put,NSE_FO|58747
NSE_INDEX|Nifty 50,2025-10-28,23550.0,Call,NSE_FO|58748
NSE_INDEX|Nifty 50,2025-10-28,23550.0,Put,NSE_FO|58749
NSE_INDEX|Nifty 50,2025-10-28,23600.0,Call,NSE_FO|58750
NSE_INDEX|Nifty 50,2025-10-28,23600.0,Put,NSE_FO|58753
NSE_INDEX|Nifty 50,2025-10-28,23650.0,Call,NSE_FO|58754
NSE_INDEX|Nifty 50,2025-10-28,23650.0,Put,NSE_FO|58755
NSE_INDEX|Nifty 50,2025-10-28,23700.0,Call,NSE_FO|58756
NSE_INDEX|Nifty 50,2025-10-28,23700.0,Put,NSE_FO|58757
NSE_INDEX|Nifty 50,2025-10-28,23750.0,Call,NSE_FO|58758
NSE_INDEX|Nifty 50,2025-10-28,23750.0,Put,NSE_FO|58759
NSE_INDEX|Nifty 50,2025-10-28,23800.0,Call,NSE_FO|58760
NSE_INDEX|Nifty 50,2025-10-28,23800.0,Put,NSE_FO|58761
NSE_INDEX|Nifty 50,2025-10-28,23850.0,Call,NSE_FO|58762
NSE_INDEX|Nifty 50,2025-10-28,23850.0,Put,NSE_FO|58763
NSE_INDEX|Nifty 50,2025-10-28,23900.0,Call,NSE_FO|58764
NSE_INDEX|Nifty 50,2025-10-28,23900.0,Put,NSE_FO|58765
NSE_INDEX|Nifty 50,2025-10-28,23950.0,Call,NSE_FO|58766
NSE_INDEX|Nifty 50,2025-10-28,23950.0,Put,NSE_FO|58767
NSE_INDEX|Nifty 50,2025-10-28,24000.0,Call,NSE_FO|58768
NSE_INDEX|Nifty 50,2025-10-28,24000.0,Put,NSE_FO|58769
NSE_INDEX|Nifty 50,2025-10-28,24050.0,Call,NSE_FO|58770
NSE_INDEX|Nifty 50,2025-10-28,24050.0,Put,NSE_FO|58771
NSE_INDEX|Nifty 50,2025-10-28,24100.0,Call,NSE_FO|58772
NSE_INDEX|Nifty 50,2025-10-28,24100.0,Put,NSE_FO|58773
NSE_INDEX|Nifty 50,2025-10-28,24150.0,Call,NSE_FO|58774
NSE_INDEX|Nifty 50,2025-10-28,24150.0,Put,NSE_FO|58775
NSE_INDEX|Nifty 50,2025-10-28,24200.0,Call,NSE_FO|58776
NSE_INDEX|Nifty 50,2025-10-28,24200.0,Put,NSE_FO|58777
NSE_INDEX|Nifty 50,2025-10-28,24250.0,Call,NSE_FO|58778
NSE_INDEX|Nifty 50,2025-10-28,24250.0,Put,NSE_FO|58779
NSE_INDEX|Nifty 50,2025-10-28,24300.0,Call,NSE_FO|58780
NSE_INDEX|Nifty 50,2025-10-28,24300.0,Put,NSE_FO|58781
NSE_INDEX|Nifty 50,2025-10-28,24350.0,Call,NSE_FO|58782
NSE_INDEX|Nifty 50,2025-10-28,24350.0,Put,NSE_FO|58783
NSE_INDEX|Nifty 50,2025-10-28,24400.0,Call,NSE_FO|58784
NSE_INDEX|Nifty 50,2025-10-28,24400.0,Put,NSE_FO|58785
NSE_INDEX|Nifty 50,2025-10-28,24450.0,Call,NSE_FO|58786
NSE_INDEX|Nifty 50,2025-10-28,24450.0,Put,NSE_FO|58787
NSE_INDEX|Nifty 50,2025-10-28,24500.0,Call,NSE_FO|58792
NSE_INDEX|Nifty 50,2025-10-28,24500.0,Put,NSE_FO|58793
NSE_INDEX|Nifty 50,2025-10-28,24550.0,Call,NSE_FO|58794
NSE_INDEX|Nifty 50,2025-10-28,24550.0,Put,NSE_FO|58821
NSE_INDEX|Nifty 50,2025-10-28,24600.0,Call,NSE_FO|58822
NSE_INDEX|Nifty 50,2025-10-28,24600.0,Put,NSE_FO|58860
NSE_INDEX|Nifty 50,2025-10-28,24650.0,Call,NSE_FO|58866
NSE_INDEX|Nifty 50,2025-10-28,24650.0,Put,NSE_FO|58867
NSE_INDEX|Nifty 50,2025-10-28,24700.0,Call,NSE_FO|58868
NSE_INDEX|Nifty 50,2025-10-28,24700.0,Put,NSE_FO|58894
NSE_INDEX|Nifty 50,2025-10-28,24750.0,Call,NSE_FO|58895
NSE_INDEX|Nifty 50,2025-10-28,24750.0,Put,NSE_FO|58896
NSE_INDEX|Nifty 50,2025-10-28,24800.0,Call,NSE_FO|58897
NSE_INDEX|Nifty 50,2025-10-28,24800.0,Put,NSE_FO|58898
NSE_INDEX|Nifty 50,2025-10-28,24850.0,Call,NSE_FO|58899
NSE_INDEX|Nifty 50,2025-10-28,24850.0,Put,NSE_FO|58900
NSE_INDEX|Nifty 50,2025-10-28,24900.0,Call,NSE_FO|58901
NSE_INDEX|Nifty 50,2025-10-28,24900.0,Put,NSE_FO|58902
NSE_INDEX|Nifty 50,2025-10-28,24950.0,Call,NSE_FO|58907
NSE_INDEX|Nifty 50,2025-10-28,24950.0,Put,NSE_FO|58908
NSE_INDEX|Nifty 50,2025-10-28,25000.0,Call,NSE_FO|58909
NSE_INDEX|Nifty 50,2025-10-28,25000.0,Put,NSE_FO|58910
NSE_INDEX|Nifty 50,2025-10-28,25050.0,Call,NSE_FO|58911
NSE_INDEX|Nifty 50,2025-10-28,25050.0,Put,NSE_FO|58920
NSE_INDEX|Nifty 50,2025-10-28,25100.0,Call,NSE_FO|58921
NSE_INDEX|Nifty 50,2025-10-28,25100.0,Put,NSE_FO|58922
NSE_INDEX|Nifty 50,2025-10-28,25150.0,Call,NSE_FO|58923
NSE_INDEX|Nifty 50,2025-10-28,25150.0,Put,NSE_FO|58924
NSE_INDEX|Nifty 50,2025-10-28,25200.0,Call,NSE_FO|58925
NSE_INDEX|Nifty 50,2025-10-28,25200.0,Put,NSE_FO|58926
NSE_INDEX|Nifty 50,2025-10-28,25250.0,Call,NSE_FO|58927
NSE_INDEX|Nifty 50,2025-10-28,25250.0,Put,NSE_FO|58928
NSE_INDEX|Nifty 50,2025-10-28,25300.0,Call,NSE_FO|58929
NSE_INDEX|Nifty 50,2025-10-28,25300.0,Put,NSE_FO|58930
NSE_INDEX|Nifty 50,2025-10-28,25350.0,Call,NSE_FO|58931
NSE_INDEX|Nifty 50,2025-10-28,25350.0,Put,NSE_FO|58932
NSE_INDEX|Nifty 50,2025-10-28,25400.0,Call,NSE_FO|58934
NSE_INDEX|Nifty 50,2025-10-28,25400.0,Put,NSE_FO|58935
NSE_INDEX|Nifty 50,2025-10-28,25450.0,Call,NSE_FO|58936
NSE_INDEX|Nifty 50,2025-10-28,25450.0,Put,NSE_FO|58937
NSE_INDEX|Nifty 50,2025-10-28,25500.0,Call,NSE_FO|58938
NSE_INDEX|Nifty 50,2025-10-28,25500.0,Put,NSE_FO|58939
NSE_INDEX|Nifty 50,2025-10-28,25550.0,Call,NSE_FO|58946
NSE_INDEX|Nifty 50,2025-10-28,25550.0,Put,NSE_FO|58949
NSE_INDEX|Nifty 50,2025-10-28,25600.0,Call,NSE_FO|58951
NSE_INDEX|Nifty 50,2025-10-28,25600.0,Put,NSE_FO|58952
NSE_INDEX|Nifty 50,2025-10-28,25650.0,Call,NSE_FO|58953
NSE_INDEX|Nifty 50,2025-10-28,25650.0,Put,NSE_FO|58954
NSE_INDEX|Nifty 50,2025-10-28,25700.0,Call,NSE_FO|58956
NSE_INDEX|Nifty 50,2025-10-28,25700.0,Put,NSE_FO|58959
NSE_INDEX|Nifty 50,2025-10-28,25750.0,Call,NSE_FO|58960
NSE_INDEX|Nifty 50,2025-10-28,25750.0,Put,NSE_FO|58962
NSE_INDEX|Nifty 50,2025-10-28,25800.0,Call,NSE_FO|58963
NSE_INDEX|Nifty 50,2025-10-28,25800.0,Put,NSE_FO|58965
NSE_INDEX|Nifty 50,2025-10-28,25850.0,Call,NSE_FO|58970
NSE_INDEX|Nifty 50,2025-10-28,25850.0,Put,NSE_FO|58973
NSE_INDEX|Nifty 50,2025-10-28,25900.0,Call,NSE_FO|58974
NSE_INDEX|Nifty 50,2025-10-28,25900.0,Put,NSE_FO|58997
NSE_INDEX|Nifty 50,2025-10-28,25950.0,Call,NSE_FO|58998
NSE_INDEX|Nifty 50,2025-10-28,25950.0,Put,NSE_FO|59003
NSE_INDEX|Nifty 50,2025-10-28,26000.0,Call,NSE_FO|59004
NSE_INDEX|Nifty 50,2025-10-28,26000.0,Put,NSE_FO|59005
NSE_INDEX|Nifty 50,2025-10-28,26050.0,Call,NSE_FO|59010
NSE_INDEX|Nifty 50,2025-10-28,26050.0,Put,NSE_FO|59011
NSE_INDEX|Nifty 50,2025-10-28,26100.0,Call,NSE_FO|59022
NSE_INDEX|Nifty 50,2025-10-28,26100.0,Put,NSE_FO|59023
NSE_INDEX|Nifty 50,2025-10-28,26150.0,Call,NSE_FO|59026
NSE_INDEX|Nifty 50,2025-10-28,26150.0,Put,NSE_FO|59027
NSE_INDEX|Nifty 50,2025-10-28,26200.0,Call,NSE_FO|59033
NSE_INDEX|Nifty 50,2025-10-28,26200.0,Put,NSE_FO|59034
NSE_INDEX|Nifty 50,2025-10-28,26250.0,Call,NSE_FO|59037
NSE_INDEX|Nifty 50,2025-10-28,26250.0,Put,NSE_FO|59038
NSE_INDEX|Nifty 50,2025-10-28,26300.0,Call,NSE_FO|59039
NSE_INDEX|Nifty 50,2025-10-28,26300.0,Put,NSE_FO|59040
NSE_INDEX|Nifty 50,2025-10-28,26350.0,Call,NSE_FO|59041
NSE_INDEX|Nifty 50,2025-10-28,26350.0,Put,NSE_FO|59042
NSE_INDEX|Nifty 50,2025-10-28,26400.0,Call,NSE_FO|59044
NSE_INDEX|Nifty 50,2025-10-28,26400.0,Put,NSE_FO|59045
NSE_INDEX|Nifty 50,2025-10-28,26450.0,Call,NSE_FO|59046
NSE_INDEX|Nifty 50,2025-10-28,26450.0,Put,NSE_FO|59047
NSE_INDEX|Nifty 50,2025-10-28,26500.0,Call,NSE_FO|59054
NSE_INDEX|Nifty 50,2025-10-28,26500.0,Put,NSE_FO|59055
NSE_INDEX|Nifty 50,2025-10-28,26550.0,Call,NSE_FO|59058
NSE_INDEX|Nifty 50,2025-10-28,26550.0,Put,NSE_FO|59059
NSE_INDEX|Nifty 50,2025-10-28,26600.0,Call,NSE_FO|59088
NSE_INDEX|Nifty 50,2025-10-28,26600.0,Put,NSE_FO|59089
NSE_INDEX|Nifty 50,2025-10-28,26650.0,Call,NSE_FO|59092
NSE_INDEX|Nifty 50,2025-10-28,26650.0,Put,NSE_FO|59093
NSE_INDEX|Nifty 50,2025-10-28,26700.0,Call,NSE_FO|59099
NSE_INDEX|Nifty 50,2025-10-28,26700.0,Put,NSE_FO|59100
NSE_INDEX|Nifty 50,2025-10-28,26750.0,Call,NSE_FO|59101
NSE_INDEX|Nifty 50,2025-10-28,26750.0,Put,NSE_FO|59102
NSE_INDEX|Nifty 50,2025-10-28,26800.0,Call,NSE_FO|59103
NSE_INDEX|Nifty 50,2025-10-28,26800.0,Put,NSE_FO|59104
NSE_INDEX|Nifty 50,2025-10-28,26850.0,Call,NSE_FO|59105
NSE_INDEX|Nifty 50,2025-10-28,26850.0,Put,NSE_FO|59106
NSE_INDEX|Nifty 50,2025-10-28,26900.0,Call,NSE_FO|59107
NSE_INDEX|Nifty 50,2025-10-28,26900.0,Put,NSE_FO|59108
NSE_INDEX|Nifty 50,2025-10-28,26950.0,Call,NSE_FO|59109
NSE_INDEX|Nifty 50,2025-10-28,26950.0,Put,NSE_FO|59110
NSE_INDEX|Nifty 50,2025-10-28,27000.0,Call,NSE_FO|59111
NSE_INDEX|Nifty 50,2025-10-28,27000.0,Put,NSE_FO|59112
NSE_INDEX|Nifty 50,2025-10-28,27050.0,Call,NSE_FO|59113
NSE_INDEX|Nifty 50,2025-10-28,27050.0,Put,NSE_FO|59114
NSE_INDEX|Nifty 50,2025-10-28,27100.0,Call,NSE_FO|59115
NSE_INDEX|Nifty 50,2025-10-28,27100.0,Put,NSE_FO|59116
NSE_INDEX|Nifty 50,2025-10-28,27150.0,Call,NSE_FO|59117
NSE_INDEX|Nifty 50,2025-10-28,27150.0,Put,NSE_FO|59118
NSE_INDEX|Nifty 50,2025-10-28,27200.0,Call,NSE_FO|59119
NSE_INDEX|Nifty 50,2025-10-28,27200.0,Put,NSE_FO|59120
NSE_INDEX|Nifty 50,2025-10-28,27250.0,Call,NSE_FO|59121
NSE_INDEX|Nifty 50,2025-10-28,27250.0,Put,NSE_FO|59122
NSE_INDEX|Nifty 50,2025-10-28,27300.0,Call,NSE_FO|59123
NSE_INDEX|Nifty 50,2025-10-28,27300.0,Put,NSE_FO|59124
NSE_INDEX|Nifty 50,2025-10-28,27350.0,Call,NSE_FO|59125
NSE_INDEX|Nifty 50,2025-10-28,27350.0,Put,NSE_FO|59126
NSE_INDEX|Nifty 50,2025-10-28,27400.0,Call,NSE_FO|59127
NSE_INDEX|Nifty 50,2025-10-28,27400.0,Put,NSE_FO|59128
NSE_INDEX|Nifty 50,2025-10-28,27450.0,Call,NSE_FO|59129
NSE_INDEX|Nifty 50,2025-10-28,27450.0,Put,NSE_FO|59130
NSE_INDEX|Nifty 50,2025-10-28,27500.0,Call,NSE_FO|59131
NSE_INDEX|Nifty 50,2025-10-28,27500.0,Put,NSE_FO|59132
NSE_INDEX|Nifty 50,2025-10-28,27550.0,Call,NSE_FO|59133
NSE_INDEX|Nifty 50,2025-10-28,27550.0,Put,NSE_FO|59134
NSE_INDEX|Nifty 50,2025-10-28,27600.0,Call,NSE_FO|59135
NSE_INDEX|Nifty 50,2025-10-28,27600.0,Put,NSE_FO|59136
NSE_INDEX|Nifty 50,2025-10-28,27650.0,Call,NSE_FO|59137
NSE_INDEX|Nifty 50,2025-10-28,27650.0,Put,NSE_FO|59138
NSE_INDEX|Nifty Bank,2025-10-28,46000.0,Call,NSE_FO|52776
NSE_INDEX|Nifty Bank,2025-10-28,46000.0,Put,NSE_FO|52777
NSE_INDEX|Nifty Bank,2025-10-28,46500.0,Call,NSE_FO|52792
NSE_INDEX|Nifty Bank,2025-10-28,46500.0,Put,NSE_FO|52793
NSE_INDEX|Nifty Bank,2025-10-28,47000.0,Call,NSE_FO|52816
NSE_INDEX|Nifty Bank,2025-10-28,47000.0,Put,NSE_FO|52817
NSE_INDEX|Nifty Bank,2025-10-28,47500.0,Call,NSE_FO|52826
NSE_INDEX|Nifty Bank,2025-10-28,47500.0,Put,NSE_FO|52827
NSE_INDEX|Nifty Bank,2025-10-28,48000.0,Call,NSE_FO|52842
NSE_INDEX|Nifty Bank,2025-10-28,48000.0,Put,NSE_FO|52843
NSE_INDEX|Nifty Bank,2025-10-28,48500.0,Call,NSE_FO|52864
NSE_INDEX|Nifty Bank,2025-10-28,48500.0,Put,NSE_FO|52865
NSE_INDEX|Nifty Bank,2025-10-28,48700.0,Call,NSE_FO|52868
NSE_INDEX|Nifty Bank,2025-10-28,48700.0,Put,NSE_FO|52869
NSE_INDEX|Nifty Bank,2025-10-28,48800.0,Call,NSE_FO|52872
NSE_INDEX|Nifty Bank,2025-10-28,48800.0,Put,NSE_FO|52873
NSE_INDEX|Nifty Bank,2025-10-28,48900.0,Call,NSE_FO|52874
NSE_INDEX|Nifty Bank,2025-10-28,48900.0,Put,NSE_FO|52875
NSE_INDEX|Nifty Bank,2025-10-28,49000.0,Call,NSE_FO|52878
NSE_INDEX|Nifty Bank,2025-10-28,49000.0,Put,NSE_FO|52879
NSE_INDEX|Nifty Bank,2025-10-28,49100.0,Call,NSE_FO|52882
NSE_INDEX|Nifty Bank,2025-10-28,49100.0,Put,NSE_FO|52883
NSE_INDEX|Nifty Bank,2025-10-28,49200.0,Call,NSE_FO|52884
NSE_INDEX|Nifty Bank,2025-10-28,49200.0,Put,NSE_FO|52885
NSE_INDEX|Nifty Bank,2025-10-28,49300.0,Call,NSE_FO|52886
NSE_INDEX|Nifty Bank,2025-10-28,49300.0,Put,NSE_FO|52887
NSE_INDEX|Nifty Bank,2025-10-28,49400.0,Call,NSE_FO|52890
NSE_INDEX|Nifty Bank,2025-10-28,49400.0,Put,NSE_FO|52891
NSE_INDEX|Nifty Bank,2025-10-28,49500.0,Call,NSE_FO|52892
NSE_INDEX|Nifty Bank,2025-10-28,49500.0,Put,NSE_FO|52893
NSE_INDEX|Nifty Bank,2025-10-28,49600.0,Call,NSE_FO|52894
NSE_INDEX|Nifty Bank,2025-10-28,49600.0,Put,NSE_FO|52895
NSE_INDEX|Nifty Bank,2025-10-28,49700.0,Call,NSE_FO|52902
NSE_INDEX|Nifty Bank,2025-10-28,49700.0,Put,NSE_FO|52903
NSE_INDEX|Nifty Bank,2025-10-28,49800.0,Call,NSE_FO|52904
NSE_INDEX|Nifty Bank,2025-10-28,49800.0,Put,NSE_FO|52905
NSE_INDEX|Nifty Bank,2025-10-28,49900.0,Call,NSE_FO|52906
NSE_INDEX|Nifty Bank,2025-10-28,49900.0,Put,NSE_FO|52907
NSE_INDEX|Nifty Bank,2025-10-28,50000.0,Call,NSE_FO|52908
NSE_INDEX|Nifty Bank,2025-10-28,50000.0,Put,NSE_FO|52909
NSE_INDEX|Nifty Bank,2025-10-28,50100.0,Call,NSE_FO|52912
NSE_INDEX|Nifty Bank,2025-10-28,50100.0,Put,NSE_FO|52913
NSE_INDEX|Nifty Bank,2025-10-28,50200.0,Call,NSE_FO|52914
NSE_INDEX|Nifty Bank,2025-10-28,50200.0,Put,NSE_FO|52915
NSE_INDEX|Nifty Bank,2025-10-28,50300.0,Call,NSE_FO|52916
NSE_INDEX|Nifty Bank,2025-10-28,50300.0,Put,NSE_FO|52917
NSE_INDEX|Nifty Bank,2025-10-28,50400.0,Call,NSE_FO|52918
NSE_INDEX|Nifty Bank,2025-10-28,50400.0,Put,NSE_FO|52919
NSE_INDEX|Nifty Bank,2025-10-28,50500.0,Call,NSE_FO|52920
NSE_INDEX|Nifty Bank,2025-10-28,50500.0,Put,NSE_FO|52921
NSE_INDEX|Nifty Bank,2025-10-28,50600.0,Call,NSE_FO|52922
NSE_INDEX|Nifty Bank,2025-10-28,50600.0,Put,NSE_FO|52923
NSE_INDEX|Nifty Bank,2025-10-28,50700.0,Call,NSE_FO|52924
NSE_INDEX|Nifty Bank,2025-10-28,50700.0,Put,NSE_FO|52925
NSE_INDEX|Nifty Bank,2025-10-28,50800.0,Call,NSE_FO|52926
NSE_INDEX|Nifty Bank,2025-10-28,50800.0,Put,NSE_FO|52927
NSE_INDEX|Nifty Bank,2025-10-28,50900.0,Call,NSE_FO|52928
NSE_INDEX|Nifty Bank,2025-10-28,50900.0,Put,NSE_FO|52929
NSE_INDEX|Nifty Bank,2025-10-28,51000.0,Call,NSE_FO|52930
NSE_INDEX|Nifty Bank,2025-10-28,51000.0,Put,NSE_FO|52933
NSE_INDEX|Nifty Bank,2025-10-28,51100.0,Call,NSE_FO|52934
NSE_INDEX|Nifty Bank,2025-10-28,51100.0,Put,NSE_FO|52935
NSE_INDEX|Nifty Bank,2025-10-28,51200.0,Call,NSE_FO|52936
NSE_INDEX|Nifty Bank,2025-10-28,51200.0,Put,NSE_FO|52937
NSE_INDEX|Nifty Bank,2025-10-28,51300.0,Call,NSE_FO|52938
NSE_INDEX|Nifty Bank,2025-10-28,51300.0,Put,NSE_FO|52939
NSE_INDEX|Nifty Bank,2025-10-28,51400.0,Call,NSE_FO|52940
NSE_INDEX|Nifty Bank,2025-10-28,51400.0,Put,NSE_FO|52941
NSE_INDEX|Nifty Bank,2025-10-28,51500.0,Call,NSE_FO|52942
NSE_INDEX|Nifty Bank,2025-10-28,51500.0,Put,NSE_FO|52943
NSE_INDEX|Nifty Bank,2025-10-28,51600.0,Call,NSE_FO|52944
NSE_INDEX|Nifty Bank,2025-10-28,51600.0,Put,NSE_FO|52945
NSE_INDEX|Nifty Bank,2025-10-28,51700.0,Call,NSE_FO|52946
NSE_INDEX|Nifty Bank,2025-10-28,51700.0,Put,NSE_FO|52947
NSE_INDEX|Nifty Bank,2025-10-28,51800.0,Call,NSE_FO|52948
NSE_INDEX|Nifty Bank,2025-10-28,51800.0,Put,NSE_FO|52949
NSE_INDEX|Nifty Bank,2025-10-28,51900.0,Call,NSE_FO|52950
NSE_INDEX|Nifty Bank,2025-10-28,51900.0,Put,NSE_FO|52953
NSE_INDEX|Nifty Bank,2025-10-28,52000.0,Call,NSE_FO|52954
NSE_INDEX|Nifty Bank,2025-10-28,52000.0,Put,NSE_FO|52955
NSE_INDEX|Nifty Bank,2025-10-28,52100.0,Call,NSE_FO|52956
NSE_INDEX|Nifty Bank,2025-10-28,52100.0,Put,NSE_FO|52957
NSE_INDEX|Nifty Bank,2025-10-28,52200.0,Call,NSE_FO|52958
NSE_INDEX|Nifty Bank,2025-10-28,52200.0,Put,NSE_FO|52959
NSE_INDEX|Nifty Bank,2025-10-28,52300.0,Call,NSE_FO|52960
NSE_INDEX|Nifty Bank,2025-10-28,52300.0,Put,NSE_FO|52961
NSE_INDEX|Nifty Bank,2025-10-28,52400.0,Call,NSE_FO|52962
NSE_INDEX|Nifty Bank,2025-10-28,52400.0,Put,NSE_FO|52963
NSE_INDEX|Nifty Bank,2025-10-28,52500.0,Call,NSE_FO|52964
NSE_INDEX|Nifty Bank,2025-10-28,52500.0,Put,NSE_FO|52965
NSE_INDEX|Nifty Bank,2025-10-28,52600.0,Call,NSE_FO|52966
NSE_INDEX|Nifty Bank,2025-10-28,52600.0,Put,NSE_FO|52967
NSE_INDEX|Nifty Bank,2025-10-28,52700.0,Call,NSE_FO|52968
NSE_INDEX|Nifty Bank,2025-10-28,52700.0,Put,NSE_FO|52969
NSE_INDEX|Nifty Bank,2025-10-28,52800.0,Call,NSE_FO|52970
NSE_INDEX|Nifty Bank,2025-10-28,52800.0,Put,NSE_FO|52971
NSE_INDEX|Nifty Bank,2025-10-28,52900.0,Call,NSE_FO|52972
NSE_INDEX|Nifty Bank,2025-10-28,52900.0,Put,NSE_FO|52973
NSE_INDEX|Nifty Bank,2025-10-28,53000.0,Call,NSE_FO|52974
NSE_INDEX|Nifty Bank,2025-10-28,53000.0,Put,NSE_FO|52975
NSE_INDEX|Nifty Bank,2025-10-28,53100.0,Call,NSE_FO|52976
NSE_INDEX|Nifty Bank,2025-10-28,53100.0,Put,NSE_FO|52977
NSE_INDEX|Nifty Bank,2025-10-28,53200.0,Call,NSE_FO|52980
NSE_INDEX|Nifty Bank,2025-10-28,53200.0,Put,NSE_FO|52981
NSE_INDEX|Nifty Bank,2025-10-28,53300.0,Call,NSE_FO|52982
NSE_INDEX|Nifty Bank,2025-10-28,53300.0,Put,NSE_FO|52983
NSE_INDEX|Nifty Bank,2025-10-28,53400.0,Call,NSE_FO|52984
NSE_INDEX|Nifty Bank,2025-10-28,53400.0,Put,NSE_FO|52985
NSE_INDEX|Nifty Bank,2025-10-28,53500.0,Call,NSE_FO|52986
NSE_INDEX|Nifty Bank,2025-10-28,53500.0,Put,NSE_FO|52987
NSE_INDEX|Nifty Bank,2025-10-28,53600.0,Call,NSE_FO|52988
NSE_INDEX|Nifty Bank,2025-10-28,53600.0,Put,NSE_FO|52989
NSE_INDEX|Nifty Bank,2025-10-28,53700.0,Call,NSE_FO|52990
NSE_INDEX|Nifty Bank,2025-10-28,53700.0,Put,NSE_FO|52991
NSE_INDEX|Nifty Bank,2025-10-28,53800.0,Call,NSE_FO|52992
NSE_INDEX|Nifty Bank,2025-10-28,53800.0,Put,NSE_FO|52996
NSE_INDEX|Nifty Bank,2025-10-28,53900.0,Call,NSE_FO|52999
NSE_INDEX|Nifty Bank,2025-10-28,53900.0,Put,NSE_FO|53000
NSE_INDEX|Nifty Bank,2025-10-28,54000.0,Call,NSE_FO|53005
NSE_INDEX|Nifty Bank,2025-10-28,54000.0,Put,NSE_FO|53006
NSE_INDEX|Nifty Bank,2025-10-28,54100.0,Call,NSE_FO|53007
NSE_INDEX|Nifty Bank,2025-10-28,54100.0,Put,NSE_FO|53008
NSE_INDEX|Nifty Bank,2025-10-28,54200.0,Call,NSE_FO|53009
NSE_INDEX|Nifty Bank,2025-10-28,54200.0,Put,NSE_FO|53010
NSE_INDEX|Nifty Bank,2025-10-28,54300.0,Call,NSE_FO|53017
NSE_INDEX|Nifty Bank,2025-10-28,54300.0,Put,NSE_FO|53018
NSE_INDEX|Nifty Bank,2025-10-28,54400.0,Call,NSE_FO|53019
NSE_INDEX|Nifty Bank,2025-10-28,54400.0,Put,NSE_FO|53022
NSE_INDEX|Nifty Bank,2025-10-28,54500.0,Call,NSE_FO|53029
NSE_INDEX|Nifty Bank,2025-10-28,54500.0,Put,NSE_FO|53030
NSE_INDEX|Nifty Bank,2025-10-28,54600.0,Call,NSE_FO|53035
NSE_INDEX|Nifty Bank,2025-10-28,54600.0,Put,NSE_FO|53038
NSE_INDEX|Nifty Bank,2025-10-28,54700.0,Call,NSE_FO|53067
NSE_INDEX|Nifty Bank,2025-10-28,54700.0,Put,NSE_FO|53070
NSE_INDEX|Nifty Bank,2025-10-28,54800.0,Call,NSE_FO|53072
NSE_INDEX|Nifty Bank,2025-10-28,54800.0,Put,NSE_FO|53073
NSE_INDEX|Nifty Bank,2025-10-28,54900.0,Call,NSE_FO|53074
NSE_INDEX|Nifty Bank,2025-10-28,54900.0,Put,NSE_FO|53075
NSE_INDEX|Nifty Bank,2025-10-28,55000.0,Call,NSE_FO|53076
NSE_INDEX|Nifty Bank,2025-10-28,55000.0,Put,NSE_FO|53077
NSE_INDEX|Nifty Bank,2025-10-28,55100.0,Call,NSE_FO|53078
NSE_INDEX|Nifty Bank,2025-10-28,55100.0,Put,NSE_FO|53079
NSE_INDEX|Nifty Bank,2025-10-28,55200.0,Call,NSE_FO|53080
NSE_INDEX|Nifty Bank,2025-10-28,55200.0,Put,NSE_FO|53081
NSE_INDEX|Nifty Bank,2025-10-28,55300.0,Call,NSE_FO|53082
NSE_INDEX|Nifty Bank,2025-10-28,55300.0,Put,NSE_FO|53083
NSE_INDEX|Nifty Bank,2025-10-28,55400.0,Call,NSE_FO|53084
NSE_INDEX|Nifty Bank,2025-10-28,55400.0,Put,NSE_FO|53085
NSE_INDEX|Nifty Bank,2025-10-28,55500.0,Call,NSE_FO|53088
NSE_INDEX|Nifty Bank,2025-10-28,55500.0,Put,NSE_FO|53089
NSE_INDEX|Nifty Bank,2025-10-28,55600.0,Call,NSE_FO|53090
NSE_INDEX|Nifty Bank,2025-10-28,55600.0,Put,NSE_FO|53091
NSE_INDEX|Nifty Bank,2025-10-28,55700.0,Call,NSE_FO|53092
NSE_INDEX|Nifty Bank,2025-10-28,55700.0,Put,NSE_FO|53093
NSE_INDEX|Nifty Bank,2025-10-28,55800.0,Call,NSE_FO|53094
NSE_INDEX|Nifty Bank,2025-10-28,55800.0,Put,NSE_FO|53095
NSE_INDEX|Nifty Bank,2025-10-28,55900.0,Call,NSE_FO|53096
NSE_INDEX|Nifty Bank,2025-10-28,55900.0,Put,NSE_FO|53097
NSE_INDEX|Nifty Bank,2025-10-28,56000.0,Call,NSE_FO|53098
NSE_INDEX|Nifty Bank,2025-10-28,56000.0,Put,NSE_FO|53099
NSE_INDEX|Nifty Bank,2025-10-28,56100.0,Call,NSE_FO|53100
NSE_INDEX|Nifty Bank,2025-10-28,56100.0,Put,NSE_FO|53101
NSE_INDEX|Nifty Bank,2025-10-28,56200.0,Call,NSE_FO|53102
NSE_INDEX|Nifty Bank,2025-10-28,56200.0,Put,NSE_FO|53103
NSE_INDEX|Nifty Bank,2025-10-28,56300.0,Call,NSE_FO|53106
NSE_INDEX|Nifty Bank,2025-10-28,56300.0,Put,NSE_FO|53107
NSE_INDEX|Nifty Bank,2025-10-28,56400.0,Call,NSE_FO|53108
NSE_INDEX|Nifty Bank,2025-10-28,56400.0,Put,NSE_FO|53109
NSE_INDEX|Nifty Bank,2025-10-28,56500.0,Call,NSE_FO|53110
NSE_INDEX|Nifty Bank,2025-10-28,56500.0,Put,NSE_FO|53111
NSE_INDEX|Nifty Bank,2025-10-28,56600.0,Call,NSE_FO|53112
NSE_INDEX|Nifty Bank,2025-10-28,56600.0,Put,NSE_FO|53113
NSE_INDEX|Nifty Bank,2025-10-28,56700.0,Call,NSE_FO|53114
NSE_INDEX|Nifty Bank,2025-10-28,56700.0,Put,NSE_FO|53115
NSE_INDEX|Nifty Bank,2025-10-28,56800.0,Call,NSE_FO|53116
NSE_INDEX|Nifty Bank,2025-10-28,56800.0,Put,NSE_FO|53117
NSE_INDEX|Nifty Bank,2025-10-28,56900.0,Call,NSE_FO|53118
NSE_INDEX|Nifty Bank,2025-10-28,56900.0,Put,NSE_FO|53119
NSE_INDEX|Nifty Bank,2025-10-28,57000.0,Call,NSE_FO|53120
NSE_INDEX|Nifty Bank,2025-10-28,57000.0,Put,NSE_FO|53123
NSE_INDEX|Nifty Bank,2025-10-28,57100.0,Call,NSE_FO|53124
NSE_INDEX|Nifty Bank,2025-10-28,57100.0,Put,NSE_FO|53125
NSE_INDEX|Nifty Bank,2025-10-28,57200.0,Call,NSE_FO|53126
NSE_INDEX|Nifty Bank,2025-10-28,57200.0,Put,NSE_FO|53127
NSE_INDEX|Nifty Bank,2025-10-28,57300.0,Call,NSE_FO|53128
NSE_INDEX|Nifty Bank,2025-10-28,57300.0,Put,NSE_FO|53129
NSE_INDEX|Nifty Bank,2025-10-28,57400.0,Call,NSE_FO|53130
NSE_INDEX|Nifty Bank,2025-10-28,57400.0,Put,NSE_FO|53137
NSE_INDEX|Nifty Bank,2025-10-28,57500.0,Call,NSE_FO|53140
NSE_INDEX|Nifty Bank,2025-10-28,57500.0,Put,NSE_FO|53141
NSE_INDEX|Nifty Bank,2025-10-28,57600.0,Call,NSE_FO|53142
NSE_INDEX|Nifty Bank,2025-10-28,57600.0,Put,NSE_FO|53143
NSE_INDEX|Nifty Bank,2025-10-28,57700.0,Call,NSE_FO|53144
NSE_INDEX|Nifty Bank,2025-10-28,57700.0,Put,NSE_FO|53145
NSE_INDEX|Nifty Bank,2025-10-28,57800.0,Call,NSE_FO|53146
NSE_INDEX|Nifty Bank,2025-10-28,57800.0,Put,NSE_FO|53147
NSE_INDEX|Nifty Bank,2025-10-28,57900.0,Call,NSE_FO|53148
NSE_INDEX|Nifty Bank,2025-10-28,57900.0,Put,NSE_FO|53153
NSE_INDEX|Nifty Bank,2025-10-28,58000.0,Call,NSE_FO|53155
NSE_INDEX|Nifty Bank,2025-10-28,58000.0,Put,NSE_FO|53156
NSE_INDEX|Nifty Bank,2025-10-28,58100.0,Call,NSE_FO|53157
NSE_INDEX|Nifty Bank,2025-10-28,58100.0,Put,NSE_FO|53158
NSE_INDEX|Nifty Bank,2025-10-28,58200.0,Call,NSE_FO|53167
NSE_INDEX|Nifty Bank,2025-10-28,58200.0,Put,NSE_FO|53168
NSE_INDEX|Nifty Bank,2025-10-28,58300.0,Call,NSE_FO|53177
NSE_INDEX|Nifty Bank,2025-10-28,58300.0,Put,NSE_FO|53178
NSE_INDEX|Nifty Bank,2025-10-28,58400.0,Call,NSE_FO|53179
NSE_INDEX|Nifty Bank,2025-10-28,58400.0,Put,NSE_FO|53180
NSE_INDEX|Nifty Bank,2025-10-28,58500.0,Call,NSE_FO|53181
NSE_INDEX|Nifty Bank,2025-10-28,58500.0,Put,NSE_FO|53182
NSE_INDEX|Nifty Bank,2025-10-28,58600.0,Call,NSE_FO|53191
NSE_INDEX|Nifty Bank,2025-10-28,58600.0,Put,NSE_FO|53194
NSE_INDEX|Nifty Bank,2025-10-28,58700.0,Call,NSE_FO|53195
NSE_INDEX|Nifty Bank,2025-10-28,58700.0,Put,NSE_FO|53196
NSE_INDEX|Nifty Bank,2025-10-28,58800.0,Call,NSE_FO|53201
NSE_INDEX|Nifty Bank,2025-10-28,58800.0,Put,NSE_FO|53202
NSE_INDEX|Nifty Bank,2025-10-28,58900.0,Call,NSE_FO|53207
NSE_INDEX|Nifty Bank,2025-10-28,58900.0,Put,NSE_FO|53208
NSE_INDEX|Nifty Bank,2025-10-28,59000.0,Call,NSE_FO|53209
NSE_INDEX|Nifty Bank,2025-10-28,59000.0,Put,NSE_FO|53210
NSE_INDEX|Nifty Bank,2025-10-28,59100.0,Call,NSE_FO|53211
NSE_INDEX|Nifty Bank,2025-10-28,59100.0,Put,NSE_FO|53212
NSE_INDEX|Nifty Bank,2025-10-28,59200.0,Call,NSE_FO|53320
NSE_INDEX|Nifty Bank,2025-10-28,59200.0,Put,NSE_FO|53331
NSE_INDEX|Nifty Bank,2025-10-28,59300.0,Call,NSE_FO|53332
NSE_INDEX|Nifty Bank,2025-10-28,59300.0,Put,NSE_FO|53333
NSE_INDEX|Nifty Bank,2025-10-28,59400.0,Call,NSE_FO|53417
NSE_INDEX|Nifty Bank,2025-10-28,59400.0,Put,NSE_FO|53444
NSE_INDEX|Nifty Bank,2025-10-28,59500.0,Call,NSE_FO|53445
NSE_INDEX|Nifty Bank,2025-10-28,59500.0,Put,NSE_FO|53446
NSE_INDEX|Nifty Bank,2025-10-28,59600.0,Call,NSE_FO|53447
NSE_INDEX|Nifty Bank,2025-10-28,59600.0,Put,NSE_FO|53456
NSE_INDEX|Nifty Bank,2025-10-28,59700.0,Call,NSE_FO|53680
NSE_INDEX|Nifty Bank,2025-10-28,59700.0,Put,NSE_FO|53694
NSE_INDEX|Nifty Bank,2025-10-28,59800.0,Call,NSE_FO|53695
NSE_INDEX|Nifty Bank,2025-10-28,59800.0,Put,NSE_FO|53700
NSE_INDEX|Nifty Bank,2025-10-28,59900.0,Call,NSE_FO|53701
NSE_INDEX|Nifty Bank,2025-10-28,59900.0,Put,NSE_FO|53702
NSE_INDEX|Nifty Bank,2025-10-28,60000.0,Call,NSE_FO|53722
NSE_INDEX|Nifty Bank,2025-10-28,60000.0,Put,NSE_FO|53723
NSE_INDEX|Nifty Bank,2025-10-28,60100.0,Call,NSE_FO|53724
NSE_INDEX|Nifty Bank,2025-10-28,60100.0,Put,NSE_FO|53728
NSE_INDEX|Nifty Bank,2025-10-28,60200.0,Call,NSE_FO|53740
NSE_INDEX|Nifty Bank,2025-10-28,60200.0,Put,NSE_FO|53745
NSE_INDEX|Nifty Bank,2025-10-28,60300.0,Call,NSE_FO|53756
NSE_INDEX|Nifty Bank,2025-10-28,60300.0,Put,NSE_FO|53782
NSE_INDEX|Nifty Bank,2025-10-28,60400.0,Call,NSE_FO|53783
NSE_INDEX|Nifty Bank,2025-10-28,60400.0,Put,NSE_FO|53786
NSE_INDEX|Nifty Bank,2025-10-28,60500.0,Call,NSE_FO|53787
NSE_INDEX|Nifty Bank,2025-10-28,60500.0,Put,NSE_FO|53817
NSE_INDEX|Nifty Bank,2025-10-28,60600.0,Call,NSE_FO|53820
NSE_INDEX|Nifty Bank,2025-10-28,60600.0,Put,NSE_FO|53821
NSE_INDEX|Nifty Bank,2025-10-28,60700.0,Call,NSE_FO|53822
NSE_INDEX|Nifty Bank,2025-10-28,60700.0,Put,NSE_FO|53823
NSE_INDEX|Nifty Bank,2025-10-28,60800.0,Call,NSE_FO|53824
NSE_INDEX|Nifty Bank,2025-10-28,60800.0,Put,NSE_FO|53825
NSE_INDEX|Nifty Bank,2025-10-28,60900.0,Call,NSE_FO|53826
NSE_INDEX|Nifty Bank,2025-10-28,60900.0,Put,NSE_FO|53841
NSE_INDEX|Nifty Bank,2025-10-28,61000.0,Call,NSE_FO|53844
NSE_INDEX|Nifty Bank,2025-10-28,61000.0,Put,NSE_FO|53845
NSE_INDEX|Nifty Bank,2025-10-28,61100.0,Call,NSE_FO|53848
NSE_INDEX|Nifty Bank,2025-10-28,61100.0,Put,NSE_FO|53849
NSE_INDEX|Nifty Bank,2025-10-28,61200.0,Call,NSE_FO|53850
NSE_INDEX|Nifty Bank,2025-10-28,61200.0,Put,NSE_FO|53853
NSE_INDEX|Nifty Bank,2025-10-28,61300.0,Call,NSE_FO|53864
NSE_INDEX|Nifty Bank,2025-10-28,61300.0,Put,NSE_FO|53878
NSE_INDEX|Nifty Bank,2025-10-28,61400.0,Call,NSE_FO|53879
NSE_INDEX|Nifty Bank,2025-10-28,61400.0,Put,NSE_FO|53881
NSE_INDEX|Nifty Bank,2025-10-28,61500.0,Call,NSE_FO|53882
NSE_INDEX|Nifty Bank,2025-10-28,61500.0,Put,NSE_FO|54009
NSE_INDEX|Nifty Bank,2025-10-28,61600.0,Call,NSE_FO|54016
NSE_INDEX|Nifty Bank,2025-10-28,61600.0,Put,NSE_FO|54058
NSE_INDEX|Nifty Bank,2025-10-28,61700.0,Call,NSE_FO|54074
NSE_INDEX|Nifty Bank,2025-10-28,61700.0,Put,NSE_FO|54107
NSE_INDEX|Nifty Bank,2025-10-28,61800.0,Call,NSE_FO|54122
NSE_INDEX|Nifty Bank,2025-10-28,61800.0,Put,NSE_FO|54155
NSE_INDEX|Nifty Bank,2025-10-28,61900.0,Call,NSE_FO|54159
NSE_INDEX|Nifty Bank,2025-10-28,61900.0,Put,NSE_FO|54160
NSE_INDEX|Nifty Bank,2025-10-28,62000.0,Call,NSE_FO|54162
NSE_INDEX|Nifty Bank,2025-10-28,62000.0,Put,NSE_FO|54190
NSE_INDEX|Nifty Bank,2025-10-28,62100.0,Call,NSE_FO|54194
NSE_INDEX|Nifty Bank,2025-10-28,62100.0,Put,NSE_FO|54203
NSE_INDEX|Nifty Bank,2025-10-28,62200.0,Call,NSE_FO|54204
NSE_INDEX|Nifty Bank,2025-10-28,62200.0,Put,NSE_FO|54205
NSE_INDEX|Nifty Bank,2025-10-28,62300.0,Call,NSE_FO|54232
NSE_INDEX|Nifty Bank,2025-10-28,62300.0,Put,NSE_FO|54233
NSE_INDEX|Nifty Bank,2025-10-28,62400.0,Call,NSE_FO|54236
NSE_INDEX|Nifty Bank,2025-10-28,62400.0,Put,NSE_FO|54237
NSE_INDEX|Nifty Bank,2025-10-28,62500.0,Call,NSE_FO|54238
NSE_INDEX|Nifty Bank,2025-10-28,62500.0,Put,NSE_FO|54239
NSE_INDEX|Nifty Bank,2025-10-28,62600.0,Call,NSE_FO|54324
NSE_INDEX|Nifty Bank,2025-10-28,62600.0,Put,NSE_FO|54327
NSE_INDEX|Nifty Bank,2025-10-28,62700.0,Call,NSE_FO|54330
NSE_INDEX|Nifty Bank,2025-10-28,62700.0,Put,NSE_FO|54331
NSE_INDEX|Nifty Bank,2025-10-28,62800.0,Call,NSE_FO|54332
NSE_INDEX|Nifty Bank,2025-10-28,62800.0,Put,NSE_FO|54340
NSE_INDEX|Nifty Bank,2025-10-28,62900.0,Call,NSE_FO|54350
NSE_INDEX|Nifty Bank,2025-10-28,62900.0,Put,NSE_FO|54351
NSE_INDEX|Nifty Bank,2025-10-28,63000.0,Call,NSE_FO|54445
NSE_INDEX|Nifty Bank,2025-10-28,63000.0,Put,NSE_FO|54446
NSE_INDEX|Nifty Bank,2025-10-28,63100.0,Call,NSE_FO|54449
NSE_INDEX|Nifty Bank,2025-10-28,63100.0,Put,NSE_FO|54452
NSE_INDEX|Nifty Bank,2025-10-28,63500.0,Call,NSE_FO|54503
NSE_INDEX|Nifty Bank,2025-10-28,63500.0,Put,NSE_FO|54504
NSE_INDEX|Nifty Bank,2025-10-28,64000.0,Call,NSE_FO|54609
NSE_INDEX|Nifty Bank,2025-10-28,64000.0,Put,NSE_FO|54610
NSE_INDEX|Nifty Bank,2025-10-28,64500.0,Call,NSE_FO|54795
NSE_INDEX|Nifty Bank,2025-10-28,64500.0,Put,NSE_FO|54796
NSE_INDEX|Nifty Bank,2025-10-28,65000.0,Call,NSE_FO|54805
NSE_INDEX|Nifty Bank,2025-10-28,65000.0,Put,NSE_FO|54806
NSE_INDEX|Nifty Bank,2025-10-28,65500.0,Call,NSE_FO|54817
NSE_INDEX|Nifty Bank,2025-10-28,65500.0,Put,NSE_FO|54818
BSE_INDEX|SENSEX,2025-10-30,72300.0,Call,BSE_FO|876706
BSE_INDEX|SENSEX,2025-10-30,72300.0,Put,BSE_FO|876543
BSE_INDEX|SENSEX,2025-10-30,72400.0,Call,BSE_FO|864085
BSE_INDEX|SENSEX,2025-10-30,72400.0,Put,BSE_FO|864448
BSE_INDEX|SENSEX,2025-10-30,72500.0,Call,BSE_FO|863949
BSE_INDEX|SENSEX,2025-10-30,72500.0,Put,BSE_FO|864069
BSE_INDEX|SENSEX,2025-10-30,72600.0,Call,BSE_FO|864359
BSE_INDEX|SENSEX,2025-10-30,72600.0,Put,BSE_FO|864474
BSE_INDEX|SENSEX,2025-10-30,72700.0,Call,BSE_FO|863981
BSE_INDEX|SENSEX,2025-10-30,72700.0,Put,BSE_FO|864104
BSE_INDEX|SENSEX,2025-10-30,72800.0,Call,BSE_FO|864394
BSE_INDEX|SENSEX,2025-10-30,72800.0,Put,BSE_FO|863962
BSE_INDEX|SENSEX,2025-10-30,72900.0,Call,BSE_FO|864018
BSE_INDEX|SENSEX,2025-10-30,72900.0,Put,BSE_FO|864141
BSE_INDEX|SENSEX,2025-10-30,73000.0,Call,BSE_FO|863728
BSE_INDEX|SENSEX,2025-10-30,73000.0,Put,BSE_FO|863769
BSE_INDEX|SENSEX,2025-10-30,73100.0,Call,BSE_FO|862997
BSE_INDEX|SENSEX,2025-10-30,73100.0,Put,BSE_FO|863135
BSE_INDEX|SENSEX,2025-10-30,73200.0,Call,BSE_FO|863197
BSE_INDEX|SENSEX,2025-10-30,73200.0,Put,BSE_FO|862976
BSE_INDEX|SENSEX,2025-10-30,73300.0,Call,BSE_FO|863039
BSE_INDEX|SENSEX,2025-10-30,73300.0,Put,BSE_FO|863175
BSE_INDEX|SENSEX,2025-10-30,73400.0,Call,BSE_FO|862876
BSE_INDEX|SENSEX,2025-10-30,73400.0,Put,BSE_FO|863020
BSE_INDEX|SENSEX,2025-10-30,73500.0,Call,BSE_FO|863082
BSE_INDEX|SENSEX,2025-10-30,73500.0,Put,BSE_FO|863226
BSE_INDEX|SENSEX,2025-10-30,73600.0,Call,BSE_FO|862913
BSE_INDEX|SENSEX,2025-10-30,73600.0,Put,BSE_FO|863054
BSE_INDEX|SENSEX,2025-10-30,73700.0,Call,BSE_FO|862338
BSE_INDEX|SENSEX,2025-10-30,73700.0,Put,BSE_FO|862457
BSE_INDEX|SENSEX,2025-10-30,73800.0,Call,BSE_FO|861450
BSE_INDEX|SENSEX,2025-10-30,73800.0,Put,BSE_FO|861591
BSE_INDEX|SENSEX,2025-10-30,73900.0,Call,BSE_FO|861656
BSE_INDEX|SENSEX,2025-10-30,73900.0,Put,BSE_FO|861425
BSE_INDEX|SENSEX,2025-10-30,74000.0,Call,BSE_FO|861365
BSE_INDEX|SENSEX,2025-10-30,74000.0,Put,BSE_FO|861821
BSE_INDEX|SENSEX,2025-10-30,74100.0,Call,BSE_FO|861189
BSE_INDEX|SENSEX,2025-10-30,74100.0,Put,BSE_FO|861342
BSE_INDEX|SENSEX,2025-10-30,74200.0,Call,BSE_FO|861720
BSE_INDEX|SENSEX,2025-10-30,74200.0,Put,BSE_FO|861167
BSE_INDEX|SENSEX,2025-10-30,74300.0,Call,BSE_FO|861233
BSE_INDEX|SENSEX,2025-10-30,74300.0,Put,BSE_FO|861390
BSE_INDEX|SENSEX,2025-10-30,74400.0,Call,BSE_FO|861761
BSE_INDEX|SENSEX,2025-10-30,74400.0,Put,BSE_FO|861206
BSE_INDEX|SENSEX,2025-10-30,74500.0,Call,BSE_FO|861280
BSE_INDEX|SENSEX,2025-10-30,74500.0,Put,BSE_FO|861737
BSE_INDEX|SENSEX,2025-10-30,74600.0,Call,BSE_FO|861808
BSE_INDEX|SENSEX,2025-10-30,74600.0,Put,BSE_FO|861254
BSE_INDEX|SENSEX,2025-10-30,74700.0,Call,BSE_FO|861328
BSE_INDEX|SENSEX,2025-10-30,74700.0,Put,BSE_FO|861779
BSE_INDEX|SENSEX,2025-10-30,74800.0,Call,BSE_FO|861157
BSE_INDEX|SENSEX,2025-10-30,74800.0,Put,BSE_FO|861301
BSE_INDEX|SENSEX,2025-10-30,74900.0,Call,BSE_FO|861685
BSE_INDEX|SENSEX,2025-10-30,74900.0,Put,BSE_FO|861827
BSE_INDEX|SENSEX,2025-10-30,75000.0,Call,BSE_FO|861398
BSE_INDEX|SENSEX,2025-10-30,75000.0,Put,BSE_FO|861543
BSE_INDEX|SENSEX,2025-10-30,75100.0,Call,BSE_FO|861607
BSE_INDEX|SENSEX,2025-10-30,75100.0,Put,BSE_FO|861750
BSE_INDEX|SENSEX,2025-10-30,75200.0,Call,BSE_FO|861442
BSE_INDEX|SENSEX,2025-10-30,75200.0,Put,BSE_FO|861584
BSE_INDEX|SENSEX,2025-10-30,75300.0,Call,BSE_FO|861648
BSE_INDEX|SENSEX,2025-10-30,75300.0,Put,BSE_FO|861418
BSE_INDEX|SENSEX,2025-10-30,75400.0,Call,BSE_FO|861485
BSE_INDEX|SENSEX,2025-10-30,75400.0,Put,BSE_FO|861626
BSE_INDEX|SENSEX,2025-10-30,75500.0,Call,BSE_FO|861309
BSE_INDEX|SENSEX,2025-10-30,75500.0,Put,BSE_FO|861461
BSE_INDEX|SENSEX,2025-10-30,75600.0,Call,BSE_FO|861529
BSE_INDEX|SENSEX,2025-10-30,75600.0,Put,BSE_FO|861672
BSE_INDEX|SENSEX,2025-10-30,75700.0,Call,BSE_FO|861356
BSE_INDEX|SENSEX,2025-10-30,75700.0,Put,BSE_FO|861501
BSE_INDEX|SENSEX,2025-10-30,75800.0,Call,BSE_FO|861574
BSE_INDEX|SENSEX,2025-10-30,75800.0,Put,BSE_FO|861714
BSE_INDEX|SENSEX,2025-10-30,75900.0,Call,BSE_FO|861407
BSE_INDEX|SENSEX,2025-10-30,75900.0,Put,BSE_FO|861550
BSE_INDEX|SENSEX,2025-10-30,76000.0,Call,BSE_FO|861799
BSE_INDEX|SENSEX,2025-10-30,76000.0,Put,BSE_FO|861249
BSE_INDEX|SENSEX,2025-10-30,76100.0,Call,BSE_FO|861320
BSE_INDEX|SENSEX,2025-10-30,76100.0,Put,BSE_FO|861773
BSE_INDEX|SENSEX,2025-10-30,76200.0,Call,BSE_FO|861843
BSE_INDEX|SENSEX,2025-10-30,76200.0,Put,BSE_FO|861296
BSE_INDEX|SENSEX,2025-10-30,76300.0,Call,BSE_FO|861678
BSE_INDEX|SENSEX,2025-10-30,76300.0,Put,BSE_FO|861822
BSE_INDEX|SENSEX,2025-10-30,76400.0,Call,BSE_FO|861190
BSE_INDEX|SENSEX,2025-10-30,76400.0,Put,BSE_FO|861343
BSE_INDEX|SENSEX,2025-10-30,76500.0,Call,BSE_FO|861721
BSE_INDEX|SENSEX,2025-10-30,76500.0,Put,BSE_FO|861168
BSE_INDEX|SENSEX,2025-10-30,76600.0,Call,BSE_FO|861234
BSE_INDEX|SENSEX,2025-10-30,76600.0,Put,BSE_FO|861391
BSE_INDEX|SENSEX,2025-10-30,76700.0,Call,BSE_FO|861762
BSE_INDEX|SENSEX,2025-10-30,76700.0,Put,BSE_FO|861207
BSE_INDEX|SENSEX,2025-10-30,76800.0,Call,BSE_FO|861281
BSE_INDEX|SENSEX,2025-10-30,76800.0,Put,BSE_FO|861738
BSE_INDEX|SENSEX,2025-10-30,76900.0,Call,BSE_FO|861809
BSE_INDEX|SENSEX,2025-10-30,76900.0,Put,BSE_FO|861255
BSE_INDEX|SENSEX,2025-10-30,77000.0,Call,BSE_FO|861520
BSE_INDEX|SENSEX,2025-10-30,77000.0,Put,BSE_FO|861667
BSE_INDEX|SENSEX,2025-10-30,77100.0,Call,BSE_FO|861348
BSE_INDEX|SENSEX,2025-10-30,77100.0,Put,BSE_FO|861497
BSE_INDEX|SENSEX,2025-10-30,77200.0,Call,BSE_FO|861567
BSE_INDEX|SENSEX,2025-10-30,77200.0,Put,BSE_FO|861710
BSE_INDEX|SENSEX,2025-10-30,77300.0,Call,BSE_FO|861399
BSE_INDEX|SENSEX,2025-10-30,77300.0,Put,BSE_FO|861545
BSE_INDEX|SENSEX,2025-10-30,77400.0,Call,BSE_FO|861608
BSE_INDEX|SENSEX,2025-10-30,77400.0,Put,BSE_FO|861751
BSE_INDEX|SENSEX,2025-10-30,77500.0,Call,BSE_FO|861443
BSE_INDEX|SENSEX,2025-10-30,77500.0,Put,BSE_FO|861585
BSE_INDEX|SENSEX,2025-10-30,77600.0,Call,BSE_FO|861649
BSE_INDEX|SENSEX,2025-10-30,77600.0,Put,BSE_FO|861420
BSE_INDEX|SENSEX,2025-10-30,77700.0,Call,BSE_FO|861486
BSE_INDEX|SENSEX,2025-10-30,77700.0,Put,BSE_FO|861627
BSE_INDEX|SENSEX,2025-10-30,77800.0,Call,BSE_FO|861310
BSE_INDEX|SENSEX,2025-10-30,77800.0,Put,BSE_FO|861462
BSE_INDEX|SENSEX,2025-10-30,77900.0,Call,BSE_FO|861530
BSE_INDEX|SENSEX,2025-10-30,77900.0,Put,BSE_FO|861673
BSE_INDEX|SENSEX,2025-10-30,78000.0,Call,BSE_FO|861224
BSE_INDEX|SENSEX,2025-10-30,78000.0,Put,BSE_FO|861385
BSE_INDEX|SENSEX,2025-10-30,78100.0,Call,BSE_FO|861755
BSE_INDEX|SENSEX,2025-10-30,78100.0,Put,BSE_FO|861203
BSE_INDEX|SENSEX,2025-10-30,78200.0,Call,BSE_FO|861273
BSE_INDEX|SENSEX,2025-10-30,78200.0,Put,BSE_FO|861734
BSE_INDEX|SENSEX,2025-10-30,78300.0,Call,BSE_FO|861800
BSE_INDEX|SENSEX,2025-10-30,78300.0,Put,BSE_FO|861250
BSE_INDEX|SENSEX,2025-10-30,78400.0,Call,BSE_FO|861321
BSE_INDEX|SENSEX,2025-10-30,78400.0,Put,BSE_FO|861775
BSE_INDEX|SENSEX,2025-10-30,78500.0,Call,BSE_FO|861844
BSE_INDEX|SENSEX,2025-10-30,78500.0,Put,BSE_FO|861297
BSE_INDEX|SENSEX,2025-10-30,78600.0,Call,BSE_FO|861679
BSE_INDEX|SENSEX,2025-10-30,78600.0,Put,BSE_FO|861824
BSE_INDEX|SENSEX,2025-10-30,78700.0,Call,BSE_FO|861191
BSE_INDEX|SENSEX,2025-10-30,78700.0,Put,BSE_FO|861344
BSE_INDEX|SENSEX,2025-10-30,78800.0,Call,BSE_FO|861722
BSE_INDEX|SENSEX,2025-10-30,78800.0,Put,BSE_FO|861169
BSE_INDEX|SENSEX,2025-10-30,78900.0,Call,BSE_FO|861235
BSE_INDEX|SENSEX,2025-10-30,78900.0,Put,BSE_FO|861697
BSE_INDEX|SENSEX,2025-10-30,79000.0,Call,BSE_FO|861641
BSE_INDEX|SENSEX,2025-10-30,79000.0,Put,BSE_FO|861416
BSE_INDEX|SENSEX,2025-10-30,79100.0,Call,BSE_FO|861479
BSE_INDEX|SENSEX,2025-10-30,79100.0,Put,BSE_FO|861623
BSE_INDEX|SENSEX,2025-10-30,79200.0,Call,BSE_FO|861302
BSE_INDEX|SENSEX,2025-10-30,79200.0,Put,BSE_FO|861459
BSE_INDEX|SENSEX,2025-10-30,79300.0,Call,BSE_FO|861521
BSE_INDEX|SENSEX,2025-10-30,79300.0,Put,BSE_FO|861668
BSE_INDEX|SENSEX,2025-10-30,79400.0,Call,BSE_FO|861349
BSE_INDEX|SENSEX,2025-10-30,79400.0,Put,BSE_FO|861499
BSE_INDEX|SENSEX,2025-10-30,79500.0,Call,BSE_FO|861568
BSE_INDEX|SENSEX,2025-10-30,79500.0,Put,BSE_FO|861711
BSE_INDEX|SENSEX,2025-10-30,79600.0,Call,BSE_FO|861400
BSE_INDEX|SENSEX,2025-10-30,79600.0,Put,BSE_FO|861546
BSE_INDEX|SENSEX,2025-10-30,79700.0,Call,BSE_FO|861609
BSE_INDEX|SENSEX,2025-10-30,79700.0,Put,BSE_FO|861368
BSE_INDEX|SENSEX,2025-10-30,79800.0,Call,BSE_FO|861444
BSE_INDEX|SENSEX,2025-10-30,79800.0,Put,BSE_FO|861586
BSE_INDEX|SENSEX,2025-10-30,79900.0,Call,BSE_FO|861261
BSE_INDEX|SENSEX,2025-10-30,79900.0,Put,BSE_FO|861421
BSE_INDEX|SENSEX,2025-10-30,80000.0,Call,BSE_FO|861507
BSE_INDEX|SENSEX,2025-10-30,80000.0,Put,BSE_FO|861262
BSE_INDEX|SENSEX,2025-10-30,80100.0,Call,BSE_FO|861335
BSE_INDEX|SENSEX,2025-10-30,80100.0,Put,BSE_FO|861487
BSE_INDEX|SENSEX,2025-10-30,80200.0,Call,BSE_FO|861161
BSE_INDEX|SENSEX,2025-10-30,80200.0,Put,BSE_FO|861311
BSE_INDEX|SENSEX,2025-10-30,80300.0,Call,BSE_FO|861381
BSE_INDEX|SENSEX,2025-10-30,80300.0,Put,BSE_FO|861531
BSE_INDEX|SENSEX,2025-10-30,80400.0,Call,BSE_FO|861200
BSE_INDEX|SENSEX,2025-10-30,80400.0,Put,BSE_FO|861357
BSE_INDEX|SENSEX,2025-10-30,80500.0,Call,BSE_FO|861431
BSE_INDEX|SENSEX,2025-10-30,80500.0,Put,BSE_FO|861179
BSE_INDEX|SENSEX,2025-10-30,80600.0,Call,BSE_FO|861246
BSE_INDEX|SENSEX,2025-10-30,80600.0,Put,BSE_FO|861408
BSE_INDEX|SENSEX,2025-10-30,80700.0,Call,BSE_FO|861771
BSE_INDEX|SENSEX,2025-10-30,80700.0,Put,BSE_FO|861219
BSE_INDEX|SENSEX,2025-10-30,80800.0,Call,BSE_FO|861293
BSE_INDEX|SENSEX,2025-10-30,80800.0,Put,BSE_FO|861451
BSE_INDEX|SENSEX,2025-10-30,80900.0,Call,BSE_FO|861819
BSE_INDEX|SENSEX,2025-10-30,80900.0,Put,BSE_FO|861268
BSE_INDEX|SENSEX,2025-10-30,81000.0,Call,BSE_FO|861535
BSE_INDEX|SENSEX,2025-10-30,81000.0,Put,BSE_FO|861680
BSE_INDEX|SENSEX,2025-10-30,81100.0,Call,BSE_FO|861744
BSE_INDEX|SENSEX,2025-10-30,81100.0,Put,BSE_FO|861192
BSE_INDEX|SENSEX,2025-10-30,81200.0,Call,BSE_FO|861578
BSE_INDEX|SENSEX,2025-10-30,81200.0,Put,BSE_FO|861723
BSE_INDEX|SENSEX,2025-10-30,81300.0,Call,BSE_FO|861787
BSE_INDEX|SENSEX,2025-10-30,81300.0,Put,BSE_FO|861557
BSE_INDEX|SENSEX,2025-10-30,81400.0,Call,BSE_FO|861619
BSE_INDEX|SENSEX,2025-10-30,81400.0,Put,BSE_FO|861763
BSE_INDEX|SENSEX,2025-10-30,81500.0,Call,BSE_FO|861455
BSE_INDEX|SENSEX,2025-10-30,81500.0,Put,BSE_FO|861597
BSE_INDEX|SENSEX,2025-10-30,81600.0,Call,BSE_FO|861663
BSE_INDEX|SENSEX,2025-10-30,81600.0,Put,BSE_FO|861810
BSE_INDEX|SENSEX,2025-10-30,81700.0,Call,BSE_FO|861494
BSE_INDEX|SENSEX,2025-10-30,81700.0,Put,BSE_FO|861636
BSE_INDEX|SENSEX,2025-10-30,81800.0,Call,BSE_FO|861708
BSE_INDEX|SENSEX,2025-10-30,81800.0,Put,BSE_FO|861472
BSE_INDEX|SENSEX,2025-10-30,81900.0,Call,BSE_FO|861540
BSE_INDEX|SENSEX,2025-10-30,81900.0,Put,BSE_FO|861686
BSE_INDEX|SENSEX,2025-10-30,82000.0,Call,BSE_FO|861241
BSE_INDEX|SENSEX,2025-10-30,82000.0,Put,BSE_FO|861401
BSE_INDEX|SENSEX,2025-10-30,82100.0,Call,BSE_FO|861467
BSE_INDEX|SENSEX,2025-10-30,82100.0,Put,BSE_FO|861214
BSE_INDEX|SENSEX,2025-10-30,82200.0,Call,BSE_FO|861288
BSE_INDEX|SENSEX,2025-10-30,82200.0,Put,BSE_FO|861445
BSE_INDEX|SENSEX,2025-10-30,82300.0,Call,BSE_FO|861815
BSE_INDEX|SENSEX,2025-10-30,82300.0,Put,BSE_FO|861264
BSE_INDEX|SENSEX,2025-10-30,82400.0,Call,BSE_FO|861336
BSE_INDEX|SENSEX,2025-10-30,82400.0,Put,BSE_FO|861488
BSE_INDEX|SENSEX,2025-10-30,82500.0,Call,BSE_FO|861162
BSE_INDEX|SENSEX,2025-10-30,82500.0,Put,BSE_FO|861312
BSE_INDEX|SENSEX,2025-10-30,82600.0,Call,BSE_FO|861382
BSE_INDEX|SENSEX,2025-10-30,82600.0,Put,BSE_FO|861834
BSE_INDEX|SENSEX,2025-10-30,82700.0,Call,BSE_FO|861201
BSE_INDEX|SENSEX,2025-10-30,82700.0,Put,BSE_FO|861358
BSE_INDEX|SENSEX,2025-10-30,82800.0,Call,BSE_FO|861731
BSE_INDEX|SENSEX,2025-10-30,82800.0,Put,BSE_FO|861180
BSE_INDEX|SENSEX,2025-10-30,82900.0,Call,BSE_FO|861247
BSE_INDEX|SENSEX,2025-10-30,82900.0,Put,BSE_FO|861409
BSE_INDEX|SENSEX,2025-10-30,83000.0,Call,BSE_FO|861657
BSE_INDEX|SENSEX,2025-10-30,83000.0,Put,BSE_FO|861801
BSE_INDEX|SENSEX,2025-10-30,83100.0,Call,BSE_FO|861490
BSE_INDEX|SENSEX,2025-10-30,83100.0,Put,BSE_FO|861632
BSE_INDEX|SENSEX,2025-10-30,83200.0,Call,BSE_FO|861702
BSE_INDEX|SENSEX,2025-10-30,83200.0,Put,BSE_FO|861152
BSE_INDEX|SENSEX,2025-10-30,83300.0,Call,BSE_FO|861536
BSE_INDEX|SENSEX,2025-10-30,83300.0,Put,BSE_FO|861681
BSE_INDEX|SENSEX,2025-10-30,83400.0,Call,BSE_FO|861745
BSE_INDEX|SENSEX,2025-10-30,83400.0,Put,BSE_FO|861509
BSE_INDEX|SENSEX,2025-10-30,83500.0,Call,BSE_FO|861579
BSE_INDEX|SENSEX,2025-10-30,83500.0,Put,BSE_FO|861724
BSE_INDEX|SENSEX,2025-10-30,83600.0,Call,BSE_FO|861412
BSE_INDEX|SENSEX,2025-10-30,83600.0,Put,BSE_FO|861559
BSE_INDEX|SENSEX,2025-10-30,83700.0,Call,BSE_FO|861620
BSE_INDEX|SENSEX,2025-10-30,83700.0,Put,BSE_FO|861764
BSE_INDEX|SENSEX,2025-10-30,83800.0,Call,BSE_FO|861456
BSE_INDEX|SENSEX,2025-10-30,83800.0,Put,BSE_FO|861598
BSE_INDEX|SENSEX,2025-10-30,83900.0,Call,BSE_FO|861664
BSE_INDEX|SENSEX,2025-10-30,83900.0,Put,BSE_FO|861432
BSE_INDEX|SENSEX,2025-10-30,84000.0,Call,BSE_FO|861374
BSE_INDEX|SENSEX,2025-10-30,84000.0,Put,BSE_FO|861522
BSE_INDEX|SENSEX,2025-10-30,84100.0,Call,BSE_FO|861196
BSE_INDEX|SENSEX,2025-10-30,84100.0,Put,BSE_FO|861351
BSE_INDEX|SENSEX,2025-10-30,84200.0,Call,BSE_FO|861426
BSE_INDEX|SENSEX,2025-10-30,84200.0,Put,BSE_FO|861175
BSE_INDEX|SENSEX,2025-10-30,84300.0,Call,BSE_FO|861242
BSE_INDEX|SENSEX,2025-10-30,84300.0,Put,BSE_FO|861402
BSE_INDEX|SENSEX,2025-10-30,84400.0,Call,BSE_FO|861768
BSE_INDEX|SENSEX,2025-10-30,84400.0,Put,BSE_FO|861216
BSE_INDEX|SENSEX,2025-10-30,84500.0,Call,BSE_FO|861289
BSE_INDEX|SENSEX,2025-10-30,84500.0,Put,BSE_FO|861446
BSE_INDEX|SENSEX,2025-10-30,84600.0,Call,BSE_FO|861816
BSE_INDEX|SENSEX,2025-10-30,84600.0,Put,BSE_FO|861266
BSE_INDEX|SENSEX,2025-10-30,84700.0,Call,BSE_FO|861337
BSE_INDEX|SENSEX,2025-10-30,84700.0,Put,BSE_FO|861790
BSE_INDEX|SENSEX,2025-10-30,84800.0,Call,BSE_FO|861163
BSE_INDEX|SENSEX,2025-10-30,84800.0,Put,BSE_FO|861313
BSE_INDEX|SENSEX,2025-10-30,84900.0,Call,BSE_FO|861689
BSE_INDEX|SENSEX,2025-10-30,84900.0,Put,BSE_FO|861835
BSE_INDEX|SENSEX,2025-10-30,85000.0,Call,BSE_FO|861780
BSE_INDEX|SENSEX,2025-10-30,85000.0,Put,BSE_FO|861553
BSE_INDEX|SENSEX,2025-10-30,85100.0,Call,BSE_FO|861614
BSE_INDEX|SENSEX,2025-10-30,85100.0,Put,BSE_FO|861756
BSE_INDEX|SENSEX,2025-10-30,85200.0,Call,BSE_FO|861452
BSE_INDEX|SENSEX,2025-10-30,85200.0,Put,BSE_FO|861594
BSE_INDEX|SENSEX,2025-10-30,85300.0,Call,BSE_FO|861658
BSE_INDEX|SENSEX,2025-10-30,85300.0,Put,BSE_FO|861802
BSE_INDEX|SENSEX,2025-10-30,85400.0,Call,BSE_FO|861491
BSE_INDEX|SENSEX,2025-10-30,85400.0,Put,BSE_FO|861634
BSE_INDEX|SENSEX,2025-10-30,85500.0,Call,BSE_FO|861703
BSE_INDEX|SENSEX,2025-10-30,85500.0,Put,BSE_FO|861470
BSE_INDEX|SENSEX,2025-10-30,85600.0,Call,BSE_FO|861537
BSE_INDEX|SENSEX,2025-10-30,85600.0,Put,BSE_FO|861682
BSE_INDEX|SENSEX,2025-10-30,85700.0,Call,BSE_FO|861359
BSE_INDEX|SENSEX,2025-10-30,85700.0,Put,BSE_FO|861511
BSE_INDEX|SENSEX,2025-10-30,85800.0,Call,BSE_FO|861580
BSE_INDEX|SENSEX,2025-10-30,85800.0,Put,BSE_FO|861725
BSE_INDEX|SENSEX,2025-10-30,85900.0,Call,BSE_FO|861413
BSE_INDEX|SENSEX,2025-10-30,85900.0,Put,BSE_FO|861560
BSE_INDEX|SENSEX,2025-10-30,86000.0,Call,BSE_FO|861811
BSE_INDEX|SENSEX,2025-10-30,86000.0,Put,BSE_FO|861257
BSE_INDEX|SENSEX,2025-10-30,86100.0,Call,BSE_FO|861329
BSE_INDEX|SENSEX,2025-10-30,86100.0,Put,BSE_FO|861480
BSE_INDEX|SENSEX,2025-10-30,86200.0,Call,BSE_FO|861158
BSE_INDEX|SENSEX,2025-10-30,86200.0,Put,BSE_FO|861304
BSE_INDEX|SENSEX,2025-10-30,86300.0,Call,BSE_FO|861375
BSE_INDEX|SENSEX,2025-10-30,86300.0,Put,BSE_FO|861830
BSE_INDEX|SENSEX,2025-10-30,86400.0,Call,BSE_FO|861197
BSE_INDEX|SENSEX,2025-10-30,86400.0,Put,BSE_FO|861352
BSE_INDEX|SENSEX,2025-10-30,86500.0,Call,BSE_FO|861728
BSE_INDEX|SENSEX,2025-10-30,86500.0,Put,BSE_FO|861177
BSE_INDEX|SENSEX,2025-10-30,86600.0,Call,BSE_FO|861243
BSE_INDEX|SENSEX,2025-10-30,86600.0,Put,BSE_FO|861403
BSE_INDEX|SENSEX,2025-10-30,86700.0,Call,BSE_FO|861769
BSE_INDEX|SENSEX,2025-10-30,86700.0,Put,BSE_FO|861218
BSE_INDEX|SENSEX,2025-10-30,86800.0,Call,BSE_FO|861290
BSE_INDEX|SENSEX,2025-10-30,86800.0,Put,BSE_FO|861447
BSE_INDEX|SENSEX,2025-10-30,86900.0,Call,BSE_FO|861817
BSE_INDEX|SENSEX,2025-10-30,86900.0,Put,BSE_FO|861267
BSE_INDEX|SENSEX,2025-10-30,87000.0,Call,BSE_FO|861533
BSE_INDEX|SENSEX,2025-10-30,87000.0,Put,BSE_FO|861675
BSE_INDEX|SENSEX,2025-10-30,87100.0,Call,BSE_FO|861739
BSE_INDEX|SENSEX,2025-10-30,87100.0,Put,BSE_FO|861505
BSE_INDEX|SENSEX,2025-10-30,87200.0,Call,BSE_FO|861575
BSE_INDEX|SENSEX,2025-10-30,87200.0,Put,BSE_FO|861715
BSE_INDEX|SENSEX,2025-10-30,87300.0,Call,BSE_FO|861410
BSE_INDEX|SENSEX,2025-10-30,87300.0,Put,BSE_FO|861555
BSE_INDEX|SENSEX,2025-10-30,87400.0,Call,BSE_FO|861615
BSE_INDEX|SENSEX,2025-10-30,87400.0,Put,BSE_FO|861757
BSE_INDEX|SENSEX,2025-10-30,87500.0,Call,BSE_FO|861453
BSE_INDEX|SENSEX,2025-10-30,87500.0,Put,BSE_FO|861596
BSE_INDEX|SENSEX,2025-10-30,87600.0,Call,BSE_FO|861659
BSE_INDEX|SENSEX,2025-10-30,87600.0,Put,BSE_FO|861430
BSE_INDEX|SENSEX,2025-10-30,87700.0,Call,BSE_FO|861492
BSE_INDEX|SENSEX,2025-10-30,87700.0,Put,BSE_FO|861635
BSE_INDEX|SENSEX,2025-10-30,87800.0,Call,BSE_FO|861704
BSE_INDEX|SENSEX,2025-10-30,87800.0,Put,BSE_FO|861471
BSE_INDEX|SENSEX,2025-10-30,87900.0,Call,BSE_FO|861538
BSE_INDEX|SENSEX,2025-10-30,87900.0,Put,BSE_FO|861683
BSE_INDEX|SENSEX,2025-10-30,88000.0,Call,BSE_FO|861237
BSE_INDEX|SENSEX,2025-10-30,88000.0,Put,BSE_FO|861393
BSE_INDEX|SENSEX,2025-10-30,88100.0,Call,BSE_FO|861766
BSE_INDEX|SENSEX,2025-10-30,88100.0,Put,BSE_FO|861211
BSE_INDEX|SENSEX,2025-10-30,88200.0,Call,BSE_FO|861282
BSE_INDEX|SENSEX,2025-10-30,88200.0,Put,BSE_FO|861437
BSE_INDEX|SENSEX,2025-10-30,88300.0,Call,BSE_FO|861812
BSE_INDEX|SENSEX,2025-10-30,88300.0,Put,BSE_FO|861259
BSE_INDEX|SENSEX,2025-10-30,88400.0,Call,BSE_FO|861330
BSE_INDEX|SENSEX,2025-10-30,88400.0,Put,BSE_FO|861785
BSE_INDEX|SENSEX,2025-10-30,88500.0,Call,BSE_FO|861159
BSE_INDEX|SENSEX,2025-10-30,88500.0,Put,BSE_FO|861305
BSE_INDEX|SENSEX,2025-10-30,88600.0,Call,BSE_FO|861687
BSE_INDEX|SENSEX,2025-10-30,88600.0,Put,BSE_FO|861832
BSE_INDEX|SENSEX,2025-10-30,88700.0,Call,BSE_FO|861198
BSE_INDEX|SENSEX,2025-10-30,88700.0,Put,BSE_FO|861353
BSE_INDEX|SENSEX,2025-10-30,88800.0,Call,BSE_FO|861729
BSE_INDEX|SENSEX,2025-10-30,88800.0,Put,BSE_FO|861178
BSE_INDEX|SENSEX,2025-10-30,88900.0,Call,BSE_FO|861878
BSE_INDEX|SENSEX,2025-10-30,88900.0,Put,BSE_FO|861910
BSE_INDEX|SENSEX,2025-10-30,89000.0,Call,BSE_FO|861962
BSE_INDEX|SENSEX,2025-10-30,89000.0,Put,BSE_FO|861993
BSE_INDEX|SENSEX,2025-10-30,89100.0,Call,BSE_FO|872750
BSE_INDEX|SENSEX,2025-10-30,89100.0,Put,BSE_FO|872687
BSE_INDEX|SENSEX,2025-10-30,89200.0,Call,BSE_FO|872878
BSE_INDEX|SENSEX,2025-10-30,89200.0,Put,BSE_FO|872869
BSE_INDEX|SENSEX,2025-10-30,89300.0,Call,BSE_FO|872922
BSE_INDEX|SENSEX,2025-10-30,89300.0,Put,BSE_FO|872859
BSE_INDEX|SENSEX,2025-10-30,89400.0,Call,BSE_FO|872836
BSE_INDEX|SENSEX,2025-10-30,89400.0,Put,BSE_FO|872900
BSE_INDEX|SENSEX,2025-10-30,89500.0,Call,BSE_FO|872963
BSE_INDEX|SENSEX,2025-10-30,89500.0,Put,BSE_FO|873136
BSE_INDEX|SENSEX,2025-10-30,89600.0,Call,BSE_FO|887488
BSE_INDEX|SENSEX,2025-10-30,89600.0,Put,BSE_FO|887646
BSE_INDEX|SENSEX,2025-10-30,89700.0,Call,BSE_FO|887701
BSE_INDEX|SENSEX,2025-10-30,89700.0,Put,BSE_FO|887841
BSE_INDEX|SENSEX,2025-10-30,89800.0,Call,BSE_FO|887535
BSE_INDEX|SENSEX,2025-10-30,89800.0,Put,BSE_FO|887684
BSE_INDEX|SENSEX,2025-10-30,89900.0,Call,BSE_FO|887742
BSE_INDEX|SENSEX,2025-10-30,89900.0,Put,BSE_FO|887512
BSE_INDEX|SENSEX,2025-10-30,90000.0,Call,BSE_FO|888339
BSE_INDEX|SENSEX,2025-10-30,90000.0,Put,BSE_FO|888063
BSE_INDEX|SENSEX,2025-10-30,90100.0,Call,BSE_FO|888145
BSE_INDEX|SENSEX,2025-10-30,90100.0,Put,BSE_FO|888307
BSE_INDEX|SENSEX,2025-10-30,90200.0,Call,BSE_FO|888413
BSE_INDEX|SENSEX,2025-10-30,90200.0,Put,BSE_FO|888113
BSE_INDEX|SENSEX,2025-10-30,90300.0,Call,BSE_FO|889010
BSE_INDEX|SENSEX,2025-10-30,90300.0,Put,BSE_FO|889277
BSE_INDEX|SENSEX,2025-10-30,90400.0,Call,BSE_FO|888771
BSE_INDEX|SENSEX,2025-10-30,90400.0,Put,BSE_FO|888974
BSE_INDEX|SENSEX,2025-10-30,90500.0,Call,BSE_FO|889077
BSE_INDEX|SENSEX,2025-10-30,90500.0,Put,BSE_FO|889378
BSE_INDEX|SENSEX,2025-10-30,90600.0,Call,BSE_FO|1132538
BSE_INDEX|SENSEX,2025-10-30,90600.0,Put,BSE_FO|1132694
BSE_INDEX|SENSEX,2025-10-30,90700.0,Call,BSE_FO|1132772
BSE_INDEX|SENSEX,2025-10-30,90700.0,Put,BSE_FO|1132518
BSE_INDEX|SENSEX,2025-10-30,90800.0,Call,BSE_FO|1132585
BSE_INDEX|SENSEX,2025-10-30,90800.0,Put,BSE_FO|1132743
BSE_INDEX|SENSEX,2025-10-30,90900.0,Call,BSE_FO|1133179
BSE_INDEX|SENSEX,2025-10-30,90900.0,Put,BSE_FO|1132559
BSE_INDEX|SENSEX,2025-10-30,91000.0,Call,BSE_FO|1132857
BSE_INDEX|SENSEX,2025-10-30,91000.0,Put,BSE_FO|1133025
BSE_INDEX|SENSEX,2025-10-30,91100.0,Call,BSE_FO|1133507
BSE_INDEX|SENSEX,2025-10-30,91100.0,Put,BSE_FO|1133249
BSE_INDEX|SENSEX,2025-10-30,91200.0,Call,BSE_FO|1133444
BSE_INDEX|SENSEX,2025-10-30,91200.0,Put,BSE_FO|1133497
BSE_INDEX|SENSEX,2025-10-30,91300.0,Call,BSE_FO|1133532
BSE_INDEX|SENSEX,2025-10-30,91300.0,Put,BSE_FO|1133279
BSE_INDEX|SENSEX,2025-10-30,91400.0,Call,BSE_FO|1133457
BSE_INDEX|SENSEX,2025-10-30,91400.0,Put,BSE_FO|1133517
BSE_INDEX|SENSEX,2025-10-30,91500.0,Call,BSE_FO|1133553
BSE_INDEX|SENSEX,2025-10-30,91500.0,Put,BSE_FO|1133452
BSE_INDEX|SENSEX,2025-10-30,91600.0,Call,BSE_FO|1133933
BSE_INDEX|SENSEX,2025-10-30,91600.0,Put,BSE_FO|1134045
BSE_INDEX|SENSEX,2025-10-30,91700.0,Call,BSE_FO|1133829
BSE_INDEX|SENSEX,2025-10-30,91700.0,Put,BSE_FO|1133922
BSE_INDEX|SENSEX,2025-10-30,91800.0,Call,BSE_FO|1133971
BSE_INDEX|SENSEX,2025-10-30,91800.0,Put,BSE_FO|1133579
BSE_INDEX|SENSEX,2025-10-30,91900.0,Call,BSE_FO|1133852
BSE_INDEX|SENSEX,2025-10-30,91900.0,Put,BSE_FO|1133950
BSE_INDEX|SENSEX,2025-10-30,92000.0,Call,BSE_FO|1134270
BSE_INDEX|SENSEX,2025-10-30,92000.0,Put,BSE_FO|1134422
BSE_INDEX|SENSEX,2025-10-30,92100.0,Call,BSE_FO|1134486
BSE_INDEX|SENSEX,2025-10-30,92100.0,Put,BSE_FO|1134627
