
<spanRisk>
  <pointInTime date="2025-10-27" isSetl="1">
    <exchange acro="CME" name="Chicago Mercantile Exchange" />
  </pointInTime>
  
  <ccDef>
    <!-- 'cc' is Combined Commodity -->
    <cc c="CL" name="Crude Oil">
      <pfDef>
        <!-- 'pf' is Product Family -->
        <pf pfCode="LO" pfType="OOF" name="Crude Oil Options">
          <series s="202612" pe="202612">
            <!-- 'o' is Option, 'k' is Strike -->
            <o o="C" k="80.00">
              <riskArray>
                <ra v="120.50" />
                <ra v="90.25" />
                <ra v="-10.00" />
                <!-- ... 13 more risk values ... -->
              </riskArray>
            </o>
            <o o="P" k="80.00">
              <riskArray>
                <ra v="-15.00" />
                <ra v="45.75" />
                <ra v="110.00" />
                <!-- ... 13 more risk values ... -->
              </riskArray>
            </o>
          </series>
        </pf>
        <pf pfCode="CL" pfType="FUT" name="Crude Oil Futures">
          <series s="202601" pe="202601">
            <riskArray>
              <ra v="1500.00" />
              <ra v="750.00" />
              <ra v="-750.00" />
              <!-- ... 13 more risk values ... -->
            </riskArray>
          </series>
        </pf>
      </pfDef>
    </cc>
  </ccDef>
</spanRisk>
